"elevation","mindate","maxdate","latitude","name","datacoverage","id","elevationUnit","longitude","startdate","enddate"
131.1,"1895-07-07","2019-03-31",38.3805,"FAIRFIELD RADIO WFIW, IL US",0.9868,"GHCND:USC00112931","METERS",-88.3263,1895-07-07,2019-03-31
149.4,"1895-05-01","2019-06-03",38.3483,"MOUNT VERNON 3 NE, IL US",0.9896,"GHCND:USC00115943","METERS",-88.8533,1895-05-01,2019-06-03
156.4,"1895-08-01","2019-06-03",38.34189,"NASHVILLE 1 E, IL US",0.9381,"GHCND:USC00116011","METERS",-89.35926,1895-08-01,2019-06-03
139.9,"1893-01-01","2019-06-03",38.7003,"OLNEY 2 S, IL US",0.969,"GHCND:USC00116446","METERS",-88.0816,1893-01-01,2019-06-03
167.6,"1915-07-01","2019-06-03",38.64027,"SALEM, IL US",0.9856,"GHCND:USC00117636","METERS",-88.94586,1915-07-01,2019-06-03
140.2,"1892-10-11","2019-02-28",38.7369,"MADISON SEWAGE PLANT, IN US",0.9478,"GHCND:USC00125237","METERS",-85.3941,1892-10-11,2019-02-28
170.7,"1898-03-01","2019-05-22",38.5555,"PAOLI, IN US",0.9811,"GHCND:USC00126705","METERS",-86.4858,1898-03-01,2019-05-22
146.3,"1893-01-01","2019-03-31",38.3566,"PRINCETON 1 W, IN US",0.9855,"GHCND:USC00127125","METERS",-87.5905,1893-01-01,2019-03-31
145.4,"1908-05-01","2019-06-03",38.5529,"SHOALS 8 S, IN US",0.9515,"GHCND:USC00128036","METERS",-86.7944,1908-05-01,2019-06-03
146.9,"1896-06-01","2019-06-01",38.6489,"WASHINGTON 1 W, IN US",0.9761,"GHCND:USC00129253","METERS",-87.1989,1896-06-01,2019-06-01
375.5,"1902-12-01","2019-06-03",38.3703,"COTTONWOOD FALLS, KS US",0.9755,"GHCND:USC00141858","METERS",-96.5483,1902-12-01,2019-06-03
304.2,"1906-01-16","2019-06-03",38.28,"GARNETT 1 E, KS US",0.9404,"GHCND:USC00143008","METERS",-95.2177,1906-01-16,2019-06-03
358.1,"1893-01-01","2019-03-31",38.416,"LEBO, KS US",0.9646,"GHCND:USC00144608","METERS",-95.851,1893-01-01,2019-03-31
262.1,"1944-07-01","2019-06-03",38.5019,"OSAWATOMIE, KS US",0.9828,"GHCND:USC00146084","METERS",-94.9597,1944-07-01,2019-06-03
275.8,"1895-05-28","2019-06-03",38.6132,"OTTAWA, KS US",0.9932,"GHCND:USC00146128","METERS",-95.2808,1895-05-28,2019-06-03
213.4,"1917-08-22","2019-06-02",38.3769,"CYNTHIANA, KY US",0.9268,"GHCND:USC00151998","METERS",-84.303,1917-08-22,2019-06-02
157,"1896-02-18","2019-04-30",38.6869,"MAYSVILLE WASTEWATER TREATMENT PLANT, KY US",0.9527,"GHCND:USC00155243","METERS",-83.7872,1896-02-18,2019-04-30
234.7,"1906-10-01","2019-06-03",38.395,"CLINTON, MO US",0.9579,"GHCND:USC00231711","METERS",-93.7711,1906-10-01,2019-06-03
198.1,"1893-01-01","2019-06-03",38.58541,"JEFFERSON CITY WATER PLANT, MO US",0.9673,"GHCND:USC00234271","METERS",-92.18246,1893-01-01,2019-06-03
164.6,"1893-02-01","2019-06-03",38.7569,"PORTSMOUTH SCIOTOVILLE, OH US",0.9887,"GHCND:USC00336781","METERS",-82.8872,1893-02-01,2019-06-03
413.9,"1893-01-01","2019-06-03",38.4547,"DALE ENTERPRISE, VA US",0.9911,"GHCND:USC00442208","METERS",-78.9352,1893-01-01,2019-06-03
426.7,"1941-03-01","2019-06-03",38.6661,"LURAY 5 E, VA US",0.977,"GHCND:USC00445096","METERS",-78.3727,1941-03-01,2019-06-03
173.7,"1915-09-01","2019-04-30",38.68416,"HOGSETT R.C. BYRD DAM, WV US",0.9771,"GHCND:USC00464200","METERS",-82.18384,1915-09-01,2019-04-30
186.2,"1938-01-01","2019-04-30",38.5277,"WINFIELD LOCKS, WV US",0.9825,"GHCND:USC00469683","METERS",-81.9154,1938-01-01,2019-04-30
11.9,"1945-03-01","2019-06-02",38.3,"PATUXENT RIVER NAS, MD US",0.9653,"GHCND:USW00013721","METERS",-76.41667,1945-03-01,2019-06-02
277.4,"1947-12-01","2019-06-03",38.3794,"CHARLESTON YEAGER AIRPORT, WV US",0.9998,"GHCND:USW00013866","METERS",-81.59,1947-12-01,2019-06-03
161.8,"1938-04-01","2019-06-03",38.7525,"ST LOUIS LAMBERT INTERNATIONAL AIRPORT, MO US",0.9998,"GHCND:USW00013994","METERS",-90.3736,1938-04-01,2019-06-03
164.9,"1893-01-01","2019-06-02",38.8649,"GREENVILLE, IL US",0.9463,"GHCND:USC00113693","METERS",-89.4052,1893-01-01,2019-06-02
192,"1895-04-01","2019-03-31",39.16103,"HILLSBORO, IL US",0.9759,"GHCND:USC00114108","METERS",-89.49201,1895-04-01,2019-03-31
192,"1940-08-10","2019-06-03",39.10246,"JERSEYVILLE 2 SW, IL US",0.9366,"GHCND:USC00114489","METERS",-90.34315,1940-08-10,2019-06-03
204.2,"1940-10-01","2019-05-31",39.07273,"MOUNT OLIVE 1 E, IL US",0.9765,"GHCND:USC00115917","METERS",-89.70138,1940-10-01,2019-05-31
134.4,"1893-01-01","2019-06-03",38.99886,"PALESTINE, IL US",0.9773,"GHCND:USC00116558","METERS",-87.62265,1893-01-01,2019-06-03
253,"1895-11-15","2019-06-03",39.1742,"BLOOMINGTON INDIANA UNIVERSITY, IN US",0.9739,"GHCND:USC00120784","METERS",-86.5214,1895-11-15,2019-06-03
185.6,"1893-01-01","2019-06-03",39.166,"COLUMBUS, IN US",0.9879,"GHCND:USC00121747","METERS",-85.9227,1893-01-01,2019-06-03
203.9,"1908-05-06","2019-05-31",39.0313,"ELLISTON, IN US",0.9176,"GHCND:USC00122605","METERS",-86.9371,1908-05-06,2019-05-31
226.5,"1938-01-01","2019-05-31",39.0017,"NORTH VERNON 2 ESE, IN US",0.9421,"GHCND:USC00126435","METERS",-85.5997,1938-01-01,2019-05-31
259.1,"1938-01-01","2019-06-03",39.06361,"BONNER SPRINGS, KS US",0.9896,"GHCND:USC00140957","METERS",-94.896,1938-01-01,2019-06-03
323.1,"1893-01-01","2019-06-03",39.1972,"MANHATTAN, KS US",0.9906,"GHCND:USC00144972","METERS",-96.5813,1893-01-01,2019-06-03
355.7,"1893-01-01","2019-06-03",39.2143,"WAMEGO 4 W, KS US",0.9823,"GHCND:USC00148563","METERS",-96.3702,1893-01-01,2019-06-03
44.2,"1941-05-01","2019-06-01",39.0302,"BELTSVILLE, MD US",0.947,"GHCND:USC00180700","METERS",-76.9315,1941-05-01,2019-06-01
144.8,"1931-01-01","2019-04-30",39.156,"ELSBERRY 1 S, MO US",0.9843,"GHCND:USC00232591","METERS",-90.7832,1931-01-01,2019-04-30
142.3,"1893-01-01","2019-06-03",38.8147,"ST CHARLES, MO US",0.9619,"GHCND:USC00237397","METERS",-90.5169,1893-01-01,2019-06-03
205.7,"1940-10-01","2019-06-03",38.9663,"SWEET SPRINGS, MO US",0.9688,"GHCND:USC00238223","METERS",-93.4195,1940-10-01,2019-06-03
252.1,"1893-01-01","2019-06-03",38.835,"WARRENTON, MO US",0.9048,"GHCND:USC00238725","METERS",-91.1386,1893-01-01,2019-06-03
146.3,"1920-01-01","2019-06-03",38.79741,"CHILO MELDAHL LOCKS AND DAM, KY US",0.9122,"GHCND:USC00331536","METERS",-84.17314,1920-01-01,2019-06-03
176.2,"1928-06-20","2019-06-03",38.82075,"GALLIPOLIS, OH US",0.9797,"GHCND:USC00333029","METERS",-82.18171,1928-06-20,2019-06-03
290.5,"1893-01-01","2019-05-31",39.2334,"HILLSBORO, OH US",0.9833,"GHCND:USC00333758","METERS",-83.6091,1893-01-01,2019-05-31
257.6,"1914-03-25","2019-06-03",39.07908,"JACKSON 3 NW, OH US",0.94,"GHCND:USC00334004","METERS",-82.70644,1914-03-25,2019-06-03
174.3,"1893-06-01","2019-06-03",39.1114,"WAVERLY, OH US",0.9771,"GHCND:USC00338830","METERS",-82.9797,1893-06-01,2019-06-03
155.4,"1900-09-26","2019-06-03",39.14216,"PURCELLVILLE, VA US",0.9691,"GHCND:USC00444909","METERS",-77.70939,1900-09-26,2019-06-03
207.3,"1912-04-01","2019-06-03",39.1833,"WINCHESTER 7 SE, VA US",0.9597,"GHCND:USC00449186","METERS",-78.1167,1912-04-01,2019-06-03
205.7,"1889-09-06","2019-05-22",38.8969,"WOODSTOCK 2 NE, VA US",0.9337,"GHCND:USC00449263","METERS",-78.4679,1889-09-06,2019-05-22
443.5,"1888-01-01","2019-06-03",38.9803,"BUCKHANNON, WV US",0.9113,"GHCND:USC00461220","METERS",-80.2201,1888-01-01,2019-06-03
301.8,"1922-11-17","2019-06-03",39.2682,"CLARKSBURG 1, WV US",0.9889,"GHCND:USC00461677","METERS",-80.3522,1922-11-17,2019-06-03
220.4,"1888-01-01","2019-06-03",38.9339,"GLENVILLE, WV US",0.9562,"GHCND:USC00463544","METERS",-80.8317,1888-01-01,2019-06-03
185.3,"1941-10-06","2019-05-16",38.81727,"RIPLEY, WV US",0.9245,"GHCND:USC00467552","METERS",-81.71178,1941-10-06,2019-05-16
293.8,"1892-02-01","2019-05-29",38.8009,"SPENCER, WV US",0.9178,"GHCND:USC00468384","METERS",-81.3584,1892-02-01,2019-05-29
603.2,"1926-01-01","2019-06-03",38.8853,"ELKINS RANDOLPH CO AIRPORT, WV US",0.9872,"GHCND:USW00013729","METERS",-79.8528,1926-01-01,2019-06-03
226.2,"1934-01-01","2019-06-01",39.1208,"KANSAS CITY DOWNTOWN AIRPORT, MO US",0.913,"GHCND:USW00013988","METERS",-94.5969,1934-01-01,2019-06-01
240.8,"1893-01-01","2019-06-02",39.1341,"MARSHALL, MO US",0.9336,"GHCND:USW00013991","METERS",-93.2225,1893-01-01,2019-06-02
267,"1946-08-01","2019-06-03",39.0725,"TOPEKA ASOS, KS US",0.9999,"GHCND:USW00013996","METERS",-95.6261,1946-08-01,2019-06-03
47.5,"1939-07-01","2019-06-03",39.1733,"BALTIMORE WASHINGTON INTERNATIONAL AIRPORT, MD US",1,"GHCND:USW00093721","METERS",-76.684,1939-07-01,2019-06-03
213.4,"1896-01-01","2019-06-02",39.4762,"CHARLESTON, IL US",0.9631,"GHCND:USC00111436","METERS",-88.1652,1896-01-01,2019-06-02
185.9,"1895-05-01","2019-06-02",39.7346,"JACKSONVILLE 2 E, IL US",0.9967,"GHCND:USC00114442","METERS",-90.1979,1895-05-01,2019-06-02
198.1,"1893-01-01","2019-06-03",39.3687,"PANA, IL US",0.9352,"GHCND:USC00116579","METERS",-89.0867,1893-01-01,2019-06-03
197.8,"1893-04-01","2019-05-31",39.6185,"PARIS STP, IL US",0.9812,"GHCND:USC00116610","METERS",-87.6672,1893-04-01,2019-05-31
176.8,"1893-01-01","2019-06-03",39.4408,"WHITE HALL 1 E, IL US",0.9539,"GHCND:USC00119241","METERS",-90.3788,1893-01-01,2019-06-03
210.3,"1904-01-01","2019-06-03",39.4459,"WINDSOR, IL US",0.989,"GHCND:USC00119354","METERS",-88.5962,1904-01-01,2019-06-03
192,"1925-05-01","2019-06-03",39.42387,"BROOKVILLE, IN US",0.9626,"GHCND:USC00121030","METERS",-85.01445,1925-05-01,2019-06-03
285.6,"1896-05-01","2019-06-02",39.3475,"GREENSBURG, IN US",0.9723,"GHCND:USC00123547","METERS",-85.4891,1896-05-01,2019-06-02
180.4,"1922-12-21","2019-06-03",39.4039,"MARTINSVILLE 2 SW, IN US",0.9748,"GHCND:USC00125407","METERS",-86.4531,1922-12-21,2019-06-03
210,"1893-01-01","2019-06-02",39.7594,"ROCKVILLE, IN US",0.9731,"GHCND:USC00127522","METERS",-87.2269,1893-01-01,2019-06-02
289,"1901-03-01","2019-06-03",39.6042,"RUSHVILLE, IN US",0.9779,"GHCND:USC00127646","METERS",-85.4532,1901-03-01,2019-06-03
229.2,"1893-01-01","2019-06-03",39.5282,"SHELBYVILLE SEWAGE PLANT, IN US",0.9212,"GHCND:USC00127999","METERS",-85.7914,1893-01-01,2019-06-03
167.3,"1946-05-01","2019-06-03",39.28385,"SPENCER, IN US",0.9886,"GHCND:USC00128290","METERS",-86.77048,1946-05-01,2019-06-03
288,"1893-01-01","2019-06-02",39.5755,"ATCHISON, KS US",0.9678,"GHCND:USC00140405","METERS",-95.1108,1893-01-01,2019-06-02
314.6,"1891-02-01","2019-06-03",39.6679,"HORTON, KS US",0.9924,"GHCND:USC00143810","METERS",-95.5199,1891-02-01,2019-06-03
737.6,"1893-01-01","2019-06-03",39.41317,"OAKLAND 1 SE, MD US",0.9281,"GHCND:USC00186620","METERS",-79.40025,1893-01-01,2019-06-03
455.7,"1945-02-26","2019-06-03",39.5099,"SAVAGE RIVER DAM, MD US",0.9641,"GHCND:USC00188065","METERS",-79.1401,1945-02-26,2019-06-03
270.4,"1931-02-01","2019-06-03",39.3444,"BOWLING GREEN 1 E, MO US",0.9302,"GHCND:USC00230856","METERS",-91.171,1931-02-01,2019-06-03
217,"1933-08-01","2019-06-03",39.7232,"HANNIBAL WATER WORKS, MO US",0.9966,"GHCND:USC00233601","METERS",-91.3748,1933-08-01,2019-06-03
262.1,"1936-07-23","2019-06-03",39.4194,"MOBERLY, MO US",0.9542,"GHCND:USC00235671","METERS",-92.4369,1936-07-23,2019-06-03
222.5,"1946-07-01","2019-06-03",39.4247,"SALISBURY, MO US",0.995,"GHCND:USC00237514","METERS",-92.8106,1946-07-01,2019-06-03
8.5,"1944-08-01","2019-06-03",39.45044,"MAYS LANDING 1 W, NJ US",0.9064,"GHCND:USC00285346","METERS",-74.74723,1944-08-01,2019-06-03
205.7,"1894-11-15","2019-06-03",39.6104,"CIRCLEVILLE, OH US",0.9661,"GHCND:USC00331592","METERS",-82.9555,1894-11-15,2019-06-03
219.5,"1893-06-01","2019-04-30",39.7633,"DAYTON MCD, OH US",0.909,"GHCND:USC00332067","METERS",-84.1911,1893-06-01,2019-04-30
305.4,"1915-01-01","2019-06-03",39.7328,"EATON, OH US",0.9789,"GHCND:USC00332485","METERS",-84.6353,1915-01-01,2019-06-03
207,"1923-07-01","2019-03-31",39.5536,"FRANKLIN, OH US",0.9641,"GHCND:USC00332928","METERS",-84.319,1923-07-01,2019-03-31
196.9,"1923-07-01","2019-04-30",39.5161,"MIDDLETOWN, OH US",0.9581,"GHCND:USC00335220","METERS",-84.4071,1923-07-01,2019-04-30
271.3,"1942-01-01","2019-06-03",39.7332,"NEW LEXINGTON 2 NW, OH US",0.9953,"GHCND:USC00335857","METERS",-82.2156,1942-01-01,2019-06-03
314.9,"1915-02-01","2019-01-29",39.49118,"WILMINGTON 3 N, OH US",0.9856,"GHCND:USC00339219","METERS",-83.82005,1915-02-01,2019-01-29
303.9,"1916-11-01","2019-03-31",39.6041,"XENIA 6 SSE, OH US",0.9627,"GHCND:USC00339361","METERS",-83.9072,1916-11-01,2019-03-31
735.2,"1902-05-01","2019-06-03",39.2728,"BAYARD, WV US",0.9447,"GHCND:USC00460527","METERS",-79.3684,1902-05-01,2019-06-03
396.2,"1892-02-03","2019-06-02",39.4667,"FAIRMONT, WV US",0.9851,"GHCND:USC00462920","METERS",-80.1333,1892-02-03,2019-06-02
274.3,"1928-04-01","2019-06-03",39.7204,"LAKE LYNN, WV US",0.9846,"GHCND:USC00465002","METERS",-79.8561,1928-04-01,2019-06-03
335.3,"1946-10-12","2019-06-02",39.5436,"MANNINGTON 8 WNW, WV US",0.9454,"GHCND:USC00465626","METERS",-80.4647,1946-10-12,2019-06-02
237.4,"1927-05-01","2019-06-01",39.46998,"MIDDLEBOURNE 3 ESE, WV US",0.9808,"GHCND:USC00465963","METERS",-80.85708,1927-05-01,2019-06-01
251.5,"1921-09-01","2019-06-03",39.6203,"MORGANTOWN LOCK AND DAM, WV US",0.9461,"GHCND:USC00466212","METERS",-79.9698,1921-09-01,2019-06-03
3,"1873-12-10","2019-06-01",39.37778,"ATLANTIC CITY MARINA, NJ US",0.9939,"GHCND:USW00013724","METERS",-74.42361,1873-12-10,2019-06-01
162.8,"1926-01-01","2019-06-02",39.4038,"MARTINSBURG EASTERN WEST VIRGINIA REGIONAL AIRPORT, WV US",0.9997,"GHCND:USW00013734","METERS",-77.945,1926-01-01,2019-06-02
18.3,"1947-02-01","2019-06-02",39.36623,"MILLVILLE MUNICIPAL AIRPORT, NJ US",0.9473,"GHCND:USW00013735","METERS",-75.0778,1947-02-01,2019-06-02
189,"1926-01-01","2019-06-03",39.2811,"PARKERSBURG, WV US",0.9953,"GHCND:USW00013867","METERS",-81.5572,1926-01-01,2019-06-03
241.1,"1942-10-06","2019-06-03",39.72517,"INDIANAPOLIS INTERNATIONAL AIRPORT, IN US",0.9316,"GHCND:USW00093819","METERS",-86.28168,1942-10-06,2019-06-03
210.3,"1910-01-01","2019-05-23",40.1375,"CLINTON 1 SSW, IL US",0.9761,"GHCND:USC00111743","METERS",-88.9675,1910-01-01,2019-05-23
169.2,"1895-04-23","2019-06-02",40.1391,"DANVILLE, IL US",0.9317,"GHCND:USC00112140","METERS",-87.6479,1895-04-23,2019-06-02
194.8,"1893-01-01","2019-06-02",39.8288,"DECATUR WTP, IL US",0.9803,"GHCND:USC00112193","METERS",-88.9505,1893-01-01,2019-06-02
177.7,"1906-02-01","2019-06-02",40.152,"LINCOLN, IL US",0.9756,"GHCND:USC00115079","METERS",-89.3387,1906-02-01,2019-06-02
147.2,"1937-05-01","2019-06-03",39.9035,"QUINCY DAM 21, IL US",0.9341,"GHCND:USC00117077","METERS",-91.4284,1937-05-01,2019-06-03
205.1,"1893-01-01","2019-06-03",40.12762,"RUSHVILLE, IL US",0.9429,"GHCND:USC00117551","METERS",-90.55913,1893-01-01,2019-06-03
198.4,"1893-03-01","2019-06-03",39.79465,"TUSCOLA, IL US",0.9391,"GHCND:USC00118684","METERS",-88.29106,1893-03-01,2019-06-03
219.8,"1902-08-01","2019-06-02",40.084,"CHAMPAIGN 3 S, IL US",0.9987,"GHCND:USC00118740","METERS",-88.2404,1902-08-01,2019-06-02
256.3,"1895-05-07","2019-04-30",40.1117,"ANDERSON SEWAGE PLANT, IN US",0.9881,"GHCND:USC00120177","METERS",-85.7163,1895-05-07,2019-04-30
294.1,"1893-01-01","2019-05-31",40.2538,"FARMLAND 5 NNW, IN US",0.9392,"GHCND:USC00122825","METERS",-85.1484,1893-01-01,2019-05-31
264.9,"1903-11-01","2019-06-03",39.7858,"GREENFIELD, IN US",0.9792,"GHCND:USC00123527","METERS",-85.7611,1903-11-01,2019-06-03
294.4,"1946-09-01","2019-06-03",40.1825,"MUNCIE, IN US",0.9868,"GHCND:USC00126023","METERS",-85.3497,1946-09-01,2019-06-03
286.8,"1901-01-01","2019-04-30",39.9962,"WHITESTOWN, IN US",0.9975,"GHCND:USC00129557","METERS",-86.3543,1901-01-01,2019-04-30
359.1,"1941-04-01","2019-06-03",39.8384,"MARYSVILLE, KS US",0.938,"GHCND:USC00145063","METERS",-96.6365,1941-04-01,2019-06-03
296.9,"1935-04-01","2019-06-03",39.8913,"AMITY 4 NE, MO US",0.9371,"GHCND:USC00230143","METERS",-94.36,1935-04-01,2019-06-03
289.3,"1893-01-01","2019-06-02",40.2575,"BETHANY, MO US",0.954,"GHCND:USC00230608","METERS",-94.0269,1893-01-01,2019-06-02
237.7,"1915-02-01","2019-06-03",39.775,"CHILLICOTHE 2 S, MO US",0.983,"GHCND:USC00231580","METERS",-93.5357,1915-02-01,2019-06-03
337.7,"1893-01-01","2019-06-03",40.2394,"CONCEPTION, MO US",0.9851,"GHCND:USC00231822","METERS",-94.6833,1893-01-01,2019-06-03
295.7,"1893-02-01","2019-06-03",40.2057,"KIRKSVILLE, MO US",0.9444,"GHCND:USC00234544","METERS",-92.5748,1893-02-01,2019-06-03
256,"1923-04-23","2019-03-31",40.221,"MILAN, MO US",0.9738,"GHCND:USC00235578","METERS",-93.1097,1923-04-23,2019-03-31
322.5,"1893-01-01","2019-03-31",39.9807,"OREGON, MO US",0.9087,"GHCND:USC00236357","METERS",-95.1465,1893-01-01,2019-03-31
210.3,"1893-01-01","2019-06-03",39.9701,"STEFFENVILLE, MO US",0.9734,"GHCND:USC00238051","METERS",-91.8874,1893-01-01,2019-06-03
362.4,"1902-09-01","2019-06-03",40.1118,"PAWNEE CITY, NE US",0.9608,"GHCND:USC00256570","METERS",-96.1515,1902-09-01,2019-06-03
344.4,"1893-01-02","2019-06-03",40.2381,"TABLE ROCK 4 N, NE US",0.9684,"GHCND:USC00258410","METERS",-96.0847,1893-01-02,2019-06-03
30.5,"1893-01-01","2019-06-03",40.26639,"HIGHTSTOWN 2 W, NJ US",0.9641,"GHCND:USC00283951","METERS",-74.56417,1893-01-01,2019-06-03
30.5,"1901-05-01","2019-03-31",39.79952,"INDIAN MILLS 2 W, NJ US",0.9897,"GHCND:USC00284229","METERS",-74.78042,1901-05-01,2019-03-31
231.6,"1908-02-15","2019-03-31",40.2403,"COSHOCTON WPC PLANT, OH US",0.9751,"GHCND:USC00331890","METERS",-81.871,1908-02-15,2019-03-31
313.9,"1893-06-01","2019-06-02",40.1032,"GREENVILLE WATER PLANT, OH US",0.9934,"GHCND:USC00333375","METERS",-84.6504,1893-06-01,2019-06-02
341.4,"1918-04-01","2019-06-03",39.8972,"LONDON FISH HATCHERY, OH US",0.905,"GHCND:USC00334681","METERS",-83.5096,1918-04-01,2019-06-03
302.4,"1917-01-01","2019-05-31",40.2411,"MARYSVILLE, OH US",0.9913,"GHCND:USC00334979","METERS",-83.367,1917-01-01,2019-05-31
254.5,"1934-11-01","2019-03-31",40.0875,"NEWARK WATER WORKS, OH US",0.997,"GHCND:USC00335747","METERS",-82.4128,1934-11-01,2019-03-31
266.4,"1914-01-01","2019-06-03",39.9317,"NEW CARLISLE, OH US",0.9011,"GHCND:USC00335786","METERS",-84.0329,1914-01-01,2019-06-03
310.6,"1895-11-08","2019-05-30",40.0991,"URBANA WWTP, OH US",0.9815,"GHCND:USC00338552","METERS",-83.7823,1895-11-08,2019-05-30
294.4,"1914-01-01","2019-05-31",40.2211,"VERSAILLES, OH US",0.9187,"GHCND:USC00338642","METERS",-84.4955,1914-01-01,2019-05-31
228.3,"1931-01-01","2019-06-03",40.1468,"CHARLEROI LOCK 4, PA US",0.9727,"GHCND:USC00361377","METERS",-79.8986,1931-01-01,2019-06-03
454.2,"1946-07-01","2019-06-03",39.7994,"CONFLUENCE 1 SW DAM, PA US",0.9978,"GHCND:USC00361705","METERS",-79.3665,1946-07-01,2019-06-03
21.3,"1923-08-01","2019-06-03",40.0744,"CONSHOHOCKEN, PA US",0.9584,"GHCND:USC00361737","METERS",-75.3179,1923-08-01,2019-06-03
548.6,"1943-09-01","2019-06-03",40.1275,"DONEGAL 2 NW, PA US",0.924,"GHCND:USC00362183","METERS",-79.40583,1943-09-01,2019-06-03
232.3,"1926-08-01","2019-03-29",40.1636,"DONORA 1 SW, PA US",0.9811,"GHCND:USC00362190","METERS",-79.8694,1926-08-01,2019-03-29
18.3,"1915-01-01","2019-06-02",40.1482,"NESHAMINY FALLS, PA US",0.9761,"GHCND:USC00366194","METERS",-74.953,1915-01-01,2019-06-02
463.3,"1940-05-23","2019-05-26",39.8582,"SOUTH MOUNTAIN, PA US",0.9825,"GHCND:USC00368308","METERS",-77.4774,1940-05-23,2019-05-26
137.2,"1932-01-01","2019-03-31",39.8693,"SPRING GROVE, PA US",0.9628,"GHCND:USC00368379","METERS",-76.8635,1932-01-01,2019-03-31
248.7,"1945-04-01","2019-06-03",39.9907,"PORT COLUMBUS INTERNATIONAL AIRPORT, OH US",0.9629,"GHCND:USW00014821","METERS",-82.877,1945-04-01,2019-06-03
181.1,"1901-01-01","2019-06-03",39.8447,"SPRINGFIELD ABRAHAM LINCOLN CAPITAL AIRPORT, IL US",0.9999,"GHCND:USW00093822","METERS",-89.6839,1901-01-01,2019-06-03
268.2,"1946-01-01","2019-06-02",39.94444,"ZANESVILLE MUNICIPAL AIRPORT, OH US",0.9938,"GHCND:USW00093824","METERS",-81.89222,1946-01-01,2019-06-02
298.7,"1912-03-01","2019-06-01",40.08028,"FALLS CITY BRENNER FIELD, NE US",0.9757,"GHCND:USW00094957","METERS",-95.59194,1912-03-01,2019-06-01
141.1,"1917-03-01","2019-06-03",40.303,"HAVANA, IL US",0.9835,"GHCND:USC00113940","METERS",-90.0647,1917-03-01,2019-06-03
216.4,"1902-06-01","2019-06-01",40.4664,"HOOPESTON, IL US",0.9909,"GHCND:USC00114198","METERS",-87.6851,1902-06-01,2019-06-01
210.3,"1895-04-01","2019-06-03",40.5838,"LA HARPE, IL US",0.9951,"GHCND:USC00114823","METERS",-90.9686,1895-04-01,2019-06-03
255.7,"1910-01-01","2019-05-21",40.6683,"BERNE WWTP, IN US",0.9835,"GHCND:USC00120676","METERS",-84.93,1910-01-01,2019-05-21
251.2,"1914-01-01","2019-06-02",40.2986,"FRANKFORT DISPOSAL, IN US",0.9817,"GHCND:USC00123082","METERS",-86.5066,1914-01-01,2019-06-02
182.9,"1891-07-03","2019-04-30",40.7477,"LOGANSPORT CICOTT ST., IN US",0.9468,"GHCND:USC00125117","METERS",-86.3877,1891-07-03,2019-04-30
240.8,"1893-01-01","2019-06-03",40.58,"MARION 2 N, IN US",0.9943,"GHCND:USC00125337","METERS",-85.6586,1893-01-01,2019-06-03
277.4,"1946-05-01","2018-12-31",40.4174,"PORTLAND 1 SW, IN US",0.9547,"GHCND:USC00127069","METERS",-84.9925,1946-05-01,2018-12-31
215.8,"1901-01-01","2019-06-03",40.475,"WEST LAFAYETTE 6 NW, IN US",0.9864,"GHCND:USC00129430","METERS",-86.9919,1901-01-01,2019-06-03
298.7,"1893-01-01","2019-06-03",40.7244,"CLARINDA, IA US",0.9948,"GHCND:USC00131533","METERS",-95.0191,1893-01-01,2019-06-03
214.9,"1938-01-24","2019-06-03",40.6458,"DONNELLSON, IA US",0.9295,"GHCND:USC00132299","METERS",-91.564,1938-01-24,2019-06-03
160.6,"1891-07-01","2019-06-03",40.3968,"KEOKUK LOCK DAM 19, IA US",0.9276,"GHCND:USC00134381","METERS",-91.3749,1891-07-01,2019-06-03
191.7,"1893-01-01","2019-06-03",40.7356,"KEOSAUQUA, IA US",0.9828,"GHCND:USC00134389","METERS",-91.9696,1893-01-01,2019-06-03
347.5,"1893-01-01","2019-06-03",40.7052,"MOUNT AYR, IA US",0.9439,"GHCND:USC00135769","METERS",-94.2427,1893-01-01,2019-06-03
300.2,"1894-07-01","2019-06-03",40.3458,"MARYVILLE 2 E, MO US",0.9865,"GHCND:USC00235340","METERS",-94.8341,1894-07-01,2019-06-03
234.7,"1930-11-01","2019-06-03",40.4575,"MEMPHIS, MO US",0.9224,"GHCND:USC00235492","METERS",-92.1822,1930-11-01,2019-06-03
283.5,"1893-01-01","2019-06-03",40.3705,"AUBURN 5 ESE, NE US",0.9783,"GHCND:USC00250435","METERS",-95.7469,1893-01-01,2019-06-03
321.6,"1933-03-01","2019-06-02",40.6986,"NEBRASKA CITY 2 NW, NE US",0.9626,"GHCND:USC00255810","METERS",-95.8866,1933-03-01,2019-06-02
335.3,"1893-01-01","2019-05-30",40.6661,"SYRACUSE, NE US",0.9754,"GHCND:USC00258395","METERS",-96.1891,1893-01-01,2019-05-30
338.3,"1893-06-05","2019-06-03",40.3544,"TECUMSEH, NE US",0.9513,"GHCND:USC00258465","METERS",-96.1938,1893-06-05,2019-06-03
54.9,"1931-01-01","2019-04-30",40.7436,"CANOE BROOK, NJ US",0.9843,"GHCND:USC00281335","METERS",-74.3539,1931-01-01,2019-04-30
80.8,"1898-03-01","2019-06-03",40.57401,"FLEMINGTON 5 NNW, NJ US",0.9866,"GHCND:USC00283029","METERS",-74.88156,1898-03-01,2019-06-03
20.7,"1931-01-01","2019-06-02",40.35958,"LAMBERTVILLE, NJ US",0.9771,"GHCND:USC00284635","METERS",-74.94461,1931-01-01,2019-06-02
358.4,"1894-01-01","2019-06-03",40.3535,"BELLEFONTAINE, OH US",0.9682,"GHCND:USC00330563","METERS",-83.7754,1894-01-01,2019-06-03
303.9,"1893-01-01","2019-03-29",40.64851,"KENTON, OH US",0.9198,"GHCND:USC00334189","METERS",-83.606,1893-01-01,2019-03-29
259.1,"1901-04-01","2019-06-03",40.7247,"LIMA WWTP, OH US",0.9906,"GHCND:USC00334551","METERS",-84.1294,1901-04-01,2019-06-03
302.4,"1941-04-01","2019-06-03",40.3765,"STEUBENVILLE, OH US",0.9677,"GHCND:USC00338025","METERS",-80.6283,1941-04-01,2019-06-03
228,"1905-03-01","2019-06-03",40.5361,"ACMETONIA LOCK 3, PA US",0.9882,"GHCND:USC00360022","METERS",-79.8152,1905-03-01,2019-06-03
231.6,"1908-06-12","2019-03-31",40.7628,"BEAVER FALLS 1 NE, PA US",0.9867,"GHCND:USC00360475","METERS",-80.3133,1908-06-12,2019-03-31
222.5,"1943-06-01","2019-06-03",40.3916,"BRADDOCK LOCK 2, PA US",0.9816,"GHCND:USC00360861","METERS",-79.8594,1943-06-01,2019-06-03
283.5,"1943-07-21","2019-06-03",40.71306,"FORD CITY 4 S DAM, PA US",0.993,"GHCND:USC00362942","METERS",-79.51444,1943-07-21,2019-06-03
216.4,"1944-10-01","2019-06-03",40.5513,"GLENWILLARD DASH DAM, PA US",0.974,"GHCND:USC00363343","METERS",-80.2167,1944-10-01,2019-06-03
335.9,"1946-10-01","2019-06-03",40.5972,"INDIANA 3 SE, PA US",0.9953,"GHCND:USC00364214","METERS",-79.1186,1946-10-01,2019-06-03
140.2,"1938-08-01","2019-06-03",40.5864,"LEWISTOWN, PA US",0.9826,"GHCND:USC00364992","METERS",-77.5692,1938-08-01,2019-06-03
225.6,"1928-08-18","2019-03-31",40.3391,"MCKEESPORT, PA US",0.9066,"GHCND:USC00365573","METERS",-79.8604,1928-08-18,2019-03-31
231.6,"1927-09-01","2019-06-03",40.61417,"NATRONA LOCK 4, PA US",0.993,"GHCND:USC00366151","METERS",-79.71917,1927-09-01,2019-06-03
238.7,"1891-07-01","2019-06-03",40.683,"SCHENLEY LOCK 5, PA US",0.9551,"GHCND:USC00367863","METERS",-79.6684,1891-07-01,2019-06-03
2.1,"1893-01-01","2019-06-03",40.6825,"NEWARK LIBERTY INTERNATIONAL AIRPORT, NJ US",0.9127,"GHCND:USW00014734","METERS",-74.1694,1893-01-01,2019-06-03
182.6,"1944-01-01","2019-06-02",40.41222,"LAFAYETTE PURDUE UNIVERSITY AIRPORT, IN US",0.9267,"GHCND:USW00014835","METERS",-86.93694,1944-01-01,2019-06-02
198.1,"1943-05-04","2019-06-03",40.6675,"PEORIA INTERNATIONAL AIRPORT, IL US",0.9998,"GHCND:USW00014842","METERS",-89.6839,1943-05-04,2019-06-03
366.7,"1945-02-01","2019-06-03",40.4846,"PITTSBURGH ASOS, PA US",0.9608,"GHCND:USW00094823","METERS",-80.2144,1945-02-01,2019-06-03
222.5,"1901-01-01","2019-06-03",41.1977,"ALEDO, IL US",0.9923,"GHCND:USC00110072","METERS",-90.7447,1901-01-01,2019-06-03
246.9,"1893-01-01","2019-04-30",41.1738,"GALVA, IL US",0.9851,"GHCND:USC00113335","METERS",-90.0351,1893-01-01,2019-04-30
164,"1938-01-01","2019-06-03",40.8821,"GLADSTONE DAM 18, IL US",0.9635,"GHCND:USC00113455","METERS",-91.0234,1938-01-01,2019-06-03
237.7,"1939-08-01","2019-06-03",41.2429,"KEWANEE 1 E, IL US",0.9375,"GHCND:USC00114710","METERS",-89.8997,1939-08-01,2019-06-03
228.6,"1895-10-01","2019-06-03",40.91254,"MINONK, IL US",0.9644,"GHCND:USC00115712","METERS",-89.03378,1895-10-01,2019-06-03
219.5,"1893-02-01","2019-04-30",40.9443,"MONMOUTH, IL US",0.9843,"GHCND:USC00115768","METERS",-90.6381,1893-02-01,2019-04-30
167,"1938-01-01","2019-06-03",41.1924,"NEW BOSTON DAM 17, IL US",0.9647,"GHCND:USC00116080","METERS",-91.0579,1938-01-01,2019-06-03
239.3,"1931-09-01","2019-06-03",40.8483,"DECATUR 1 N, IN US",0.992,"GHCND:USC00122096","METERS",-84.9299,1931-09-01,2019-06-03
231.6,"1904-04-01","2019-06-03",41.0665,"ROCHESTER, IN US",0.9048,"GHCND:USC00127482","METERS",-86.2096,1904-04-01,2019-06-03
268.2,"1894-03-01","2019-06-03",41.0655,"ALBIA 3 NNE, IA US",0.9552,"GHCND:USC00130112","METERS",-92.7866,1894-03-01,2019-06-03
294.1,"1895-02-01","2019-06-03",41.0163,"CHARITON 1 E, IA US",0.977,"GHCND:USC00131394","METERS",-93.2791,1895-02-01,2019-06-03
362.7,"1893-01-01","2019-06-03",40.98833,"CORNING, IA US",0.9478,"GHCND:USC00131833","METERS",-94.75889,1893-01-01,2019-06-03
395,"1905-04-01","2019-04-30",41.0372,"CRESTON 2 SW, IA US",0.9657,"GHCND:USC00131962","METERS",-94.3936,1905-04-01,2019-04-30
225.6,"1893-01-01","2019-06-03",41.021,"FAIRFIELD, IA US",0.9341,"GHCND:USC00132789","METERS",-91.9553,1893-01-01,2019-06-03
222.5,"1893-01-01","2019-05-28",40.9486,"MOUNT PLEASANT 1 SSW, IA US",0.972,"GHCND:USC00135796","METERS",-91.5647,1893-01-01,2019-05-28
231.6,"1893-04-01","2019-06-03",41.02999,"CHARLOTTEBURG RESERVOIR, NJ US",0.9802,"GHCND:USC00281582","METERS",-74.42484,1893-04-01,2019-06-03
12.8,"1930-08-01","2019-06-03",40.952,"BRIDGEHAMPTON, NY US",0.9808,"GHCND:USC00300889","METERS",-72.298,1930-08-01,2019-06-03
30.5,"1938-03-01","2019-06-03",40.9619,"RIVERHEAD RES FARM, NY US",0.9853,"GHCND:USC00307134","METERS",-72.7158,1938-03-01,2019-06-03
291.1,"1893-05-01","2019-06-01",40.8126,"BUCYRUS, OH US",0.9789,"GHCND:USC00331072","METERS",-82.9698,1893-05-01,2019-06-01
234.1,"1893-06-01","2019-05-31",41.0461,"FINDLAY WPCC, OH US",0.9959,"GHCND:USC00332791","METERS",-83.6622,1893-06-01,2019-05-31
204.2,"1894-03-01","2019-05-29",41.26667,"NORWALK WWTP, OH US",0.9885,"GHCND:USC00336118","METERS",-82.61667,1894-03-01,2019-05-29
221,"1914-09-01","2019-06-03",41.1247,"PAULDING, OH US",0.9822,"GHCND:USC00336465","METERS",-84.5919,1914-09-01,2019-06-03
274.3,"1893-01-01","2019-06-03",41.20194,"WARREN 3 S, OH US",0.9823,"GHCND:USC00338769","METERS",-80.81056,1893-01-01,2019-06-03
310.9,"1893-06-01","2019-06-03",40.7833,"WOOSTER EXPERIMENTAL STATION, OH US",0.9504,"GHCND:USC00339312","METERS",-81.9167,1893-06-01,2019-06-03
309.4,"1944-07-01","2019-05-27",40.82086,"BEAR GAP, PA US",0.9681,"GHCND:USC00360457","METERS",-76.49831,1944-07-01,2019-05-27
138.7,"1934-11-01","2019-06-03",40.8223,"LEHIGHTON 1 SSW, PA US",0.9798,"GHCND:USC00364934","METERS",-75.6962,1934-11-01,2019-06-03
251.5,"1892-05-01","2019-03-31",41.0172,"NEW CASTLE 1 N, PA US",0.9005,"GHCND:USC00366233","METERS",-80.3615,1892-05-01,2019-03-31
390.1,"1943-07-21","2019-06-03",40.9248,"PUTNEYVILLE 2 SE DAM, PA US",0.9788,"GHCND:USC00367229","METERS",-79.2825,1943-07-21,2019-06-03
356.6,"1893-02-01","2019-06-03",40.7933,"STATE COLLEGE, PA US",0.9892,"GHCND:USC00368449","METERS",-77.8672,1893-02-01,2019-06-03
140.2,"1910-12-01","2019-03-31",41.008,"STROUDSBURG, PA US",0.9165,"GHCND:USC00368596","METERS",-75.1876,1910-12-01,2019-03-31
3.4,"1939-10-07","2019-06-03",40.7792,"LA GUARDIA AIRPORT, NY US",1,"GHCND:USW00014732","METERS",-73.88,1939-10-07,2019-06-03
243.8,"1942-01-01","2019-06-02",41.01361,"FINDLAY AIRPORT, OH US",0.9966,"GHCND:USW00014825","METERS",-83.66861,1942-01-01,2019-06-02
241.1,"1939-08-01","2019-06-03",40.9705,"FORT WAYNE INTERNATIONAL AIRPORT, IN US",0.9979,"GHCND:USW00014827","METERS",-85.2063,1939-08-01,2019-06-03
355.7,"1934-08-01","2019-06-03",41.2548,"YOUNGSTOWN WARREN REGIONAL AIRPORT, OH US",0.987,"GHCND:USW00014852","METERS",-80.6737,1934-08-01,2019-06-03
1.5,"1942-12-08","2019-06-03",41.1583,"IGOR I SIKORSKY MEMORI AIRPORT, CT US",0.9272,"GHCND:USW00094702","METERS",-73.1289,1942-12-08,2019-06-03
42.7,"1869-01-01","2019-06-01",40.77898,"NY CITY CENTRAL PARK, NY US",1,"GHCND:USW00094728","METERS",-73.96925,1869-01-01,2019-06-01
115.5,"1946-04-01","2019-06-01",41.06694,"WESTCHESTER CO AIRPORT, NY US",0.9899,"GHCND:USW00094745","METERS",-73.7075,1946-04-01,2019-06-01
189,"1928-02-29","2019-06-02",41.7372,"CHICAGO MIDWAY AIRPORT 3 SW, IL US",0.9576,"GHCND:USC00111577","METERS",-87.7775,1928-02-29,2019-06-02
167.6,"1943-06-01","2019-06-03",41.4255,"ILLINOIS CITY DAM 16, IL US",0.9754,"GHCND:USC00114355","METERS",-91.0094,1943-06-01,2019-06-03
165.5,"1943-06-01","2019-06-03",41.50339,"JOLIET BRANDON RD DAM, IL US",0.9845,"GHCND:USC00114530","METERS",-88.10339,1943-06-01,2019-06-03
149.4,"1941-01-01","2019-06-03",41.3286,"MARSEILLES LOCK, IL US",0.9962,"GHCND:USC00115372","METERS",-88.7533,1941-01-01,2019-06-03
160,"1892-05-01","2019-06-03",41.3283,"OTTAWA 5 SW, IL US",0.9762,"GHCND:USC00116526","METERS",-88.9106,1892-05-01,2019-06-03
271,"1912-09-01","2019-06-02",41.66533,"PAW PAW 2 S, IL US",0.9656,"GHCND:USC00116661","METERS",-88.97797,1912-09-01,2019-06-02
218.8,"1940-11-01","2019-06-03",41.33383,"PEOTONE, IL US",0.9787,"GHCND:USC00116725","METERS",-87.78908,1940-11-01,2019-06-03
204.5,"1893-01-01","2019-06-02",41.5603,"WALNUT, IL US",0.9804,"GHCND:USC00118916","METERS",-89.6024,1893-01-01,2019-06-02
266.7,"1914-06-03","2019-06-02",41.5575,"GOSHEN 3 SW, IN US",0.9867,"GHCND:USC00123418","METERS",-85.8825,1914-06-03,2019-06-02
351.1,"1893-01-01","2019-06-03",41.4175,"ATLANTIC 1 NE, IA US",0.9867,"GHCND:USC00130364","METERS",-95.0041,1893-01-01,2019-06-03
390.1,"1893-01-01","2019-06-03",41.7069,"AUDUBON, IA US",0.9626,"GHCND:USC00130385","METERS",-94.9222,1893-01-01,2019-06-03
324.6,"1895-02-01","2019-06-03",41.6686,"GUTHRIE CENTER, IA US",0.9452,"GHCND:USC00133509","METERS",-94.4972,1895-02-01,2019-06-03
281.6,"1893-01-01","2019-06-03",41.36639,"INDIANOLA 2 W, IA US",0.9781,"GHCND:USC00134063","METERS",-93.64806,1893-01-01,2019-06-03
195.1,"1893-01-01","2019-06-03",41.6093,"IOWA CITY, IA US",0.9834,"GHCND:USC00134101","METERS",-91.5051,1893-01-01,2019-06-03
272.8,"1893-06-01","2019-06-03",41.3247,"KNOXVILLE, IA US",0.9468,"GHCND:USC00134502","METERS",-93.1008,1893-06-01,2019-06-03
175.9,"1938-03-01","2019-06-03",41.5747,"LE CLAIRE LOCK AND DAM 14, IA US",0.9643,"GHCND:USC00134705","METERS",-90.4005,1938-03-01,2019-06-03
301.8,"1893-01-01","2019-06-03",41.638,"LOGAN, IA US",0.9926,"GHCND:USC00134894","METERS",-95.7883,1893-01-01,2019-06-03
167.3,"1935-09-01","2019-05-31",41.4076,"MUSCATINE, IA US",0.9898,"GHCND:USC00135837","METERS",-91.0727,1935-09-01,2019-05-31
384,"1919-01-01","2019-06-03",41.3044,"OAKLAND, IA US",0.9437,"GHCND:USC00136151","METERS",-95.3844,1919-01-01,2019-06-03
253,"1893-01-01","2019-06-03",41.3213,"OSKALOOSA, IA US",0.9735,"GHCND:USC00136327","METERS",-92.6466,1893-01-01,2019-06-03
223.1,"1896-02-01","2019-04-30",41.3371,"SIGOURNEY, IA US",0.9721,"GHCND:USC00137678","METERS",-92.2279,1896-02-01,2019-04-30
209.4,"1893-01-01","2019-06-03",41.2824,"WASHINGTON, IA US",0.9908,"GHCND:USC00138688","METERS",-91.7078,1893-01-01,2019-06-03
9.1,"1946-03-01","2019-06-03",41.3854,"EDGARTOWN, MA US",0.9946,"GHCND:USC00192501","METERS",-70.518,1946-03-01,2019-06-03
359.7,"1893-01-01","2019-06-03",41.43,"FREMONT, NE US",0.9715,"GHCND:USC00253050","METERS",-96.4669,1893-01-01,2019-06-03
379.5,"1896-01-01","2019-03-31",41.7681,"MOHONK LAKE, NY US",0.9886,"GHCND:USC00305426","METERS",-74.155,1896-01-01,2019-03-31
176.8,"1893-01-01","2019-06-03",41.3891,"PORT JERVIS, NY US",0.9841,"GHCND:USC00306774","METERS",-74.6905,1893-01-01,2019-06-03
97.5,"1890-03-01","2019-02-28",41.3906,"WEST POINT, NY US",0.9242,"GHCND:USC00309292","METERS",-73.9608,1890-03-01,2019-02-28
205.7,"1893-06-01","2019-06-02",41.3831,"BOWLING GREEN WWTP, OH US",0.9906,"GHCND:USC00330862","METERS",-83.6111,1893-06-01,2019-06-02
344.4,"1945-06-01","2019-05-31",41.58333,"CHARDON, OH US",0.9982,"GHCND:USC00331458","METERS",-81.18333,1945-06-01,2019-05-31
374.9,"1893-06-01","2019-04-30",41.30722,"HIRAM, OH US",0.9835,"GHCND:USC00333780","METERS",-81.01333,1893-06-01,2019-04-30
277.4,"1944-08-01","2019-06-03",41.29861,"MOSQUITO CREEK LAKE, OH US",0.9936,"GHCND:USC00335505","METERS",-80.76472,1944-08-01,2019-06-03
248.7,"1893-06-01","2019-06-03",41.2802,"OBERLIN, OH US",0.9518,"GHCND:USC00336196","METERS",-82.2187,1893-06-01,2019-06-03
228.6,"1893-02-01","2019-06-03",41.5183,"WAUSEON WATER PLANT, OH US",0.9922,"GHCND:USC00338822","METERS",-84.1452,1893-02-01,2019-06-03
309.4,"1897-01-03","2019-06-03",41.4004,"FRANKLIN, PA US",0.9729,"GHCND:USC00363028","METERS",-79.8305,1897-01-03,2019-06-03
524.3,"1942-09-11","2019-06-03",41.5631,"GLEN HAZEL 2 NE DAM, PA US",0.9296,"GHCND:USC00363311","METERS",-78.6014,1942-09-11,2019-06-03
317,"1931-10-01","2019-05-31",41.4992,"JAMESTOWN 2 NW, PA US",0.9822,"GHCND:USC00364325","METERS",-80.4681,1931-10-01,2019-05-31
548.6,"1924-10-01","2019-06-03",41.7394,"PLEASANT MOUNT 1 W, PA US",0.9764,"GHCND:USC00367029","METERS",-75.4465,1924-10-01,2019-06-03
201.2,"1895-07-01","2019-06-03",41.3299,"RENOVO, PA US",0.9116,"GHCND:USC00367409","METERS",-77.7381,1895-07-01,2019-06-03
231.6,"1894-10-01","2019-06-03",41.7511,"TOWANDA 1 S, PA US",0.9874,"GHCND:USC00368905","METERS",-76.443,1894-10-01,2019-06-03
554.1,"1926-01-01","2019-06-03",41.7004,"WELLSBORO 4 SW, PA US",0.921,"GHCND:USC00369408","METERS",-77.3871,1926-01-01,2019-06-03
35.7,"1893-01-01","2019-03-31",41.4903,"KINGSTON, RI US",0.9585,"GHCND:USC00374266","METERS",-71.543,1893-01-01,2019-03-31
5.8,"1920-01-01","2019-06-02",41.73611,"HARTFORD BRAINARD FIELD, CT US",0.9806,"GHCND:USW00014752","METERS",-72.65056,1920-01-01,2019-06-02
16.8,"1942-08-01","2019-06-03",41.7225,"PROVIDENCE, RI US",0.9295,"GHCND:USW00014765","METERS",-71.4325,1942-08-01,2019-06-03
238,"1938-05-01","2019-06-03",41.4057,"CLEVELAND HOPKINS INTERNATIONAL AIRPORT, OH US",1,"GHCND:USW00014820","METERS",-81.852,1938-05-01,2019-06-03
178,"1936-01-01","2019-04-30",41.45,"SANDUSKY, OH US",0.9735,"GHCND:USW00014846","METERS",-82.7167,1936-01-01,2019-04-30
235.6,"1893-12-01","2019-06-03",41.7072,"SOUTH BEND AIRPORT, IN US",0.9645,"GHCND:USW00014848","METERS",-86.3163,1893-12-01,2019-06-03
180.4,"1943-05-24","2019-06-03",41.46528,"MOLINE QUAD CITY INTERNATIONAL AIRPORT, IL US",0.9999,"GHCND:USW00014923","METERS",-90.52333,1943-05-24,2019-06-03
291.7,"1945-07-01","2019-06-03",41.5338,"DES MOINES INTERNATIONAL AIRPORT, IA US",0.9996,"GHCND:USW00014933","METERS",-93.653,1945-07-01,2019-06-03
216.4,"1932-09-01","2019-05-23",41.9211,"BARKHAMSTED, CT US",0.9791,"GHCND:USC00060299","METERS",-72.9637,1932-09-01,2019-05-23
153.9,"1932-09-01","2019-05-23",41.7944,"BURLINGTON, CT US",0.9688,"GHCND:USC00060973","METERS",-72.932,1932-09-01,2019-05-23
202.7,"1888-06-01","2019-06-03",41.7951,"STORRS, CT US",0.95,"GHCND:USC00068138","METERS",-72.2285,1888-06-01,2019-06-03
201.2,"1893-01-01","2019-06-03",41.78038,"AURORA, IL US",0.969,"GHCND:USC00110338","METERS",-88.30925,1893-01-01,2019-06-03
201.2,"1893-01-01","2019-05-31",41.83492,"DIXON 1 W, IL US",0.9619,"GHCND:USC00112348","METERS",-89.51361,1893-01-01,2019-05-31
232.6,"1897-12-01","2019-06-03",42.06278,"ELGIN, IL US",0.9005,"GHCND:USC00112736","METERS",-88.28617,1897-12-01,2019-06-03
180.4,"1938-01-01","2019-06-03",41.8978,"FULTON DAM, IL US",0.971,"GHCND:USC00113290","METERS",-90.1545,1938-01-01,2019-06-03
192.6,"1895-05-01","2019-04-30",41.79457,"MORRISON, IL US",0.9868,"GHCND:USC00115833","METERS",-89.96819,1895-05-01,2019-04-30
195.1,"1895-04-20","2019-06-03",42.098,"MOUNT CARROLL, IL US",0.9906,"GHCND:USC00115901","METERS",-89.9841,1895-04-20,2019-06-03
246.9,"1893-01-01","2019-06-03",41.8814,"BELLE PLAINE, IA US",0.99,"GHCND:USC00130600","METERS",-92.2764,1893-01-01,2019-06-03
183.8,"1941-01-01","2019-06-03",42.2611,"BELLEVUE L AND D 12, IA US",0.9951,"GHCND:USC00130608","METERS",-90.4231,1941-01-01,2019-06-03
315.5,"1905-01-01","2019-06-03",42.0416,"BOONE, IA US",0.9819,"GHCND:USC00130807","METERS",-93.8905,1905-01-01,2019-06-03
378,"1893-01-01","2019-06-03",42.065,"CARROLL, IA US",0.9908,"GHCND:USC00131233","METERS",-94.85,1893-01-01,2019-06-03
247.8,"1892-01-01","2019-06-02",42.0496,"CEDAR RAPIDS NUMBER 1, IA US",0.9884,"GHCND:USC00131319","METERS",-91.5881,1892-01-01,2019-06-02
178.3,"1893-01-01","2019-06-02",41.7947,"CLINTON NUMBER 1, IA US",0.9957,"GHCND:USC00131635","METERS",-90.2639,1893-01-01,2019-06-02
427,"1893-01-01","2019-06-03",42.0363,"DENISON, IA US",0.975,"GHCND:USC00132171","METERS",-95.3288,1893-01-01,2019-06-03
365.8,"1937-11-01","2019-06-03",42.162,"MAPLETON NUMBER 2, IA US",0.9791,"GHCND:USC00135123","METERS",-95.7836,1937-11-01,2019-06-03
265.2,"1893-01-01","2019-06-03",42.0647,"MARSHALLTOWN, IA US",0.978,"GHCND:USC00135198","METERS",-92.9244,1893-01-01,2019-06-03
289.6,"1900-10-01","2019-06-03",41.8394,"PERRY, IA US",0.9767,"GHCND:USC00136566","METERS",-94.1105,1900-10-01,2019-06-03
285,"1894-01-01","2019-06-03",42.03543,"TOLEDO 3 N, IA US",0.9865,"GHCND:USC00138296","METERS",-92.58046,1894-01-01,2019-06-03
190.5,"1893-01-01","2019-06-02",42.2123,"BLUE HILL, MA US",0.9979,"GHCND:USC00190736","METERS",-71.1137,1893-01-01,2019-06-02
208.8,"1926-03-01","2019-06-02",42.0583,"SOUTHBRIDGE 3 SW, MA US",0.9567,"GHCND:USC00197627","METERS",-72.0721,1926-03-01,2019-06-02
231.6,"1887-07-03","2019-06-01",41.9163,"ADRIAN, MI US",0.972,"GHCND:USC00200032","METERS",-84.0158,1887-07-03,2019-06-01
299.9,"1897-03-30","2019-06-02",41.9622,"COLDWATER ST SCHOOL, MI US",0.9865,"GHCND:USC00201675","METERS",-84.9925,1897-03-30,2019-06-02
329.2,"1891-09-01","2019-05-31",41.9352,"HILLSDALE, MI US",0.932,"GHCND:USC00203823","METERS",-84.6411,1891-09-01,2019-05-31
198.1,"1943-03-01","2019-06-02",41.8405,"NILES, MI US",0.9988,"GHCND:USC00205892","METERS",-86.2658,1943-03-01,2019-06-02
457.2,"1924-09-01","2019-06-03",42.1003,"ALLEGANY STATE PARK, NY US",0.9897,"GHCND:USC00300093","METERS",-78.7497,1924-09-01,2019-06-03
288.6,"1893-01-01","2019-06-03",42.0997,"ELMIRA, NY US",0.9802,"GHCND:USC00302610","METERS",-76.8358,1893-01-01,2019-06-03
495.3,"1941-08-01","2019-06-02",42.2473,"LITTLE VALLEY, NY US",0.9792,"GHCND:USC00304808","METERS",-78.8125,1941-08-01,2019-06-02
432.8,"1909-09-01","2019-06-03",42.0737,"OLEAN, NY US",0.9444,"GHCND:USC00306196","METERS",-78.4518,1909-09-01,2019-06-03
506,"1934-11-23","2019-06-03",41.8975,"BRADFORD 4 SW RES 5, PA US",0.9833,"GHCND:USC00360868","METERS",-78.7144,1934-11-23,2019-06-03
277.4,"1935-02-01","2019-06-03",41.9478,"SUSQUEHANNA, PA US",0.9738,"GHCND:USC00368692","METERS",-75.6047,1935-02-01,2019-06-03
368.8,"1893-01-01","2019-06-03",41.84667,"WARREN, PA US",0.9938,"GHCND:USC00369298","METERS",-79.14944,1893-01-01,2019-06-03
53.3,"1942-01-08","2019-06-03",41.9375,"HARTFORD BRADLEY INTERNATIONAL AIRPORT, CT US",0.9096,"GHCND:USW00014740","METERS",-72.6819,1942-01-08,2019-06-03
222.2,"1926-01-01","2019-06-03",42.0803,"ERIE INTERNATIONAL AIRPORT, PA US",1,"GHCND:USW00014860","METERS",-80.1824,1926-01-01,2019-06-03
295.7,"1943-11-01","2019-05-31",42.3996,"STOCKTON 3 NNE, IL US",0.9908,"GHCND:USC00118293","METERS",-89.9902,1943-11-01,2019-05-31
316.4,"1914-02-01","2019-06-02",42.7536,"ALLISON, IA US",0.9729,"GHCND:USC00130157","METERS",-92.8022,1914-02-01,2019-06-02
252.4,"1947-07-01","2019-06-03",42.2973,"CASCADE, IA US",0.9915,"GHCND:USC00131257","METERS",-91.0199,1947-07-01,2019-06-03
368.8,"1921-11-13","2019-06-03",42.7572,"CHEROKEE, IA US",0.9937,"GHCND:USC00131442","METERS",-95.5377,1921-11-13,2019-06-03
352.3,"1944-09-01","2019-06-03",42.72,"CLARION, IA US",0.9221,"GHCND:USC00131541","METERS",-93.7336,1944-09-01,2019-06-03
189,"1938-03-01","2019-06-03",42.5399,"DUBUQUE LOCK AND DAM 11, IA US",0.9585,"GHCND:USC00132364","METERS",-90.6461,1938-03-01,2019-06-03
339.9,"1899-12-07","2019-06-03",42.5836,"FORT DODGE 5 NNW, IA US",0.9781,"GHCND:USC00132999","METERS",-94.2005,1899-12-07,2019-06-03
300.2,"1893-01-01","2019-06-03",42.3647,"GRUNDY CENTER, IA US",0.981,"GHCND:USC00133487","METERS",-92.7594,1893-01-01,2019-06-03
321.6,"1893-01-01","2019-06-03",42.5188,"IOWA FALLS, IA US",0.9776,"GHCND:USC00134142","METERS",-93.2536,1893-01-01,2019-06-03
369.4,"1904-05-01","2019-06-03",42.7291,"POCAHONTAS, IA US",0.9631,"GHCND:USC00136719","METERS",-94.6613,1904-05-01,2019-06-03
370,"1894-01-01","2019-06-03",42.3969,"ROCKWELL CITY, IA US",0.9591,"GHCND:USC00137161","METERS",-94.6291,1894-01-01,2019-06-03
368.8,"1893-01-01","2019-06-03",42.4194,"SAC CITY, IA US",0.9538,"GHCND:USC00137312","METERS",-94.9761,1893-01-01,2019-06-03
439.5,"1893-01-01","2019-06-03",42.6469,"STORM LAKE, IA US",0.938,"GHCND:USC00137979","METERS",-95.1933,1893-01-01,2019-06-03
326.7,"1893-01-02","2019-06-02",42.4685,"WEBSTER CITY, IA US",0.9355,"GHCND:USC00138806","METERS",-93.7974,1893-01-02,2019-06-02
44.2,"1893-01-01","2019-06-03",42.3861,"AMHERST, MA US",0.9834,"GHCND:USC00190120","METERS",-72.5374,1893-01-01,2019-06-03
167.6,"1942-01-01","2019-06-03",42.2796,"BELCHERTOWN, MA US",0.9919,"GHCND:USC00190562","METERS",-72.3482,1942-01-01,2019-06-03
6.1,"1899-11-01","2019-03-31",42.7594,"HAVERHILL, MA US",0.9533,"GHCND:USC00193505","METERS",-71.0602,1899-11-01,2019-03-31
15.2,"1893-01-01","2019-06-03",42.6993,"LAWRENCE, MA US",0.9907,"GHCND:USC00194105","METERS",-71.1659,1893-01-01,2019-06-03
33.5,"1925-11-01","2019-06-03",42.5934,"MIDDLETON, MA US",0.9971,"GHCND:USC00194744","METERS",-71.0187,1925-11-01,2019-06-03
247.8,"1891-10-01","2019-06-02",42.29806,"ANN ARBOR U OF MICH, MI US",0.991,"GHCND:USC00200230","METERS",-83.66388,1891-10-01,2019-06-02
224.3,"1904-04-06","2019-06-03",42.3838,"BLOOMINGDALE, MI US",0.9579,"GHCND:USC00200864","METERS",-85.9626,1904-04-06,2019-06-03
274.9,"1902-01-01","2019-06-03",42.5503,"CHARLOTTE, MI US",0.9557,"GHCND:USC00201476","METERS",-84.8258,1902-01-01,2019-06-03
281.9,"1929-04-06","2019-03-31",42.3941,"GULL LAKE BIOLOGICAL STATION, MI US",0.9389,"GHCND:USC00203504","METERS",-85.385,1929-04-06,2019-03-31
250.2,"1893-01-01","2019-06-03",42.64208,"HASTINGS, MI US",0.9185,"GHCND:USC00203661","METERS",-85.28819,1893-01-01,2019-06-03
295.7,"1928-01-01","2019-06-02",42.5794,"MILFORD GM PROVING GROUND, MI US",0.9583,"GHCND:USC00205452","METERS",-83.6844,1928-01-01,2019-06-02
179.8,"1895-09-01","2019-06-01",42.4014,"SOUTH HAVEN, MI US",0.93,"GHCND:USC00207690","METERS",-86.2826,1895-09-01,2019-06-01
185,"1942-05-01","2019-06-03",42.4697,"ALCOVE DAM, NY US",0.9517,"GHCND:USC00300063","METERS",-73.9267,1942-05-01,2019-06-03
586.4,"1893-01-01","2019-06-03",42.27984,"ALFRED, NY US",0.9015,"GHCND:USC00300085","METERS",-77.76564,1893-01-01,2019-06-03
449.6,"1893-01-01","2019-06-03",42.3108,"ANGELICA, NY US",0.9779,"GHCND:USC00300183","METERS",-78.023,1893-01-01,2019-06-03
383.1,"1893-01-01","2019-06-02",42.7166,"COOPERSTOWN, NY US",0.9653,"GHCND:USC00301752","METERS",-74.9266,1893-01-01,2019-06-02
201.2,"1917-07-01","2019-06-02",42.56496,"DANSVILLE, NY US",0.9511,"GHCND:USC00301974","METERS",-77.71755,1917-07-01,2019-06-02
292.6,"1893-01-01","2019-06-03",42.4491,"ITHACA CORNELL UNIVERSITY, NY US",0.9682,"GHCND:USC00304174","METERS",-76.4491,1893-01-01,2019-06-03
301.4,"1906-08-01","2019-06-03",42.5117,"NORWICH, NY US",0.9802,"GHCND:USC00306085","METERS",-75.5197,1906-08-01,2019-06-03
333.8,"1907-12-14","2019-06-03",42.6773,"SHERBURNE, NY US",0.9785,"GHCND:USC00307705","METERS",-75.5066,1907-12-14,2019-06-03
237.7,"1893-01-01","2019-06-03",42.5038,"BELOIT, WI US",0.966,"GHCND:USC00470696","METERS",-89.0311,1893-01-01,2019-06-03
240.8,"1897-11-01","2019-06-03",42.6333,"BRODHEAD, WI US",0.9826,"GHCND:USC00471078","METERS",-89.3866,1897-11-01,2019-06-03
182.9,"1944-02-15","2019-06-02",42.5608,"KENOSHA, WI US",0.9891,"GHCND:USC00474174","METERS",-87.8155,1944-02-15,2019-06-02
181.4,"1896-05-01","2019-06-03",42.7022,"RACINE, WI US",0.9812,"GHCND:USC00476922","METERS",-87.7861,1896-05-01,2019-06-03
222.5,"1941-06-01","2019-06-03",42.6902,"UNION GROVE, WI US",0.9931,"GHCND:USC00478723","METERS",-88.0336,1941-06-01,2019-06-03
85.3,"1938-06-01","2019-06-03",42.74722,"ALBANY INTERNATIONAL AIRPORT, NY US",1,"GHCND:USW00014735","METERS",-73.79912,1938-06-01,2019-06-03
3.7,"1936-01-01","2019-06-03",42.3606,"BOSTON, MA US",1,"GHCND:USW00014739","METERS",-71.0097,1936-01-01,2019-06-03
176.8,"1896-08-01","2019-03-31",42.6083,"MOUNT CLEMENS SELFRIDGE FIELD, MI US",0.938,"GHCND:USW00014804","METERS",-82.8183,1896-08-01,2019-03-31
333.8,"1942-10-01","2019-06-03",42.3913,"SIOUX CITY AIRPORT, IA US",0.9314,"GHCND:USW00014943","METERS",-96.3791,1942-10-01,2019-06-03
282,"1870-02-01","2019-06-02",43.1333,"WOODSTOCK, CA",0.9581,"GHCND:CA006149625","METERS",-80.7667,1870-02-01,2019-06-02
370,"1893-01-01","2019-06-03",43.06626,"ALGONA, IA US",0.98,"GHCND:USC00130133","METERS",-94.22216,1893-01-01,2019-06-03
349,"1893-01-01","2019-06-03",42.88262,"FAYETTE, IA US",0.9816,"GHCND:USC00132864","METERS",-91.83025,1893-01-01,2019-06-03
188.4,"1937-11-01","2019-06-03",42.7858,"GUTTENBERG L AND D 10, IA US",0.9463,"GHCND:USC00133517","METERS",-91.0958,1937-11-01,2019-06-03
362.7,"1926-08-01","2019-05-31",43.003,"HAWARDEN, IA US",0.9863,"GHCND:USC00133718","METERS",-96.485,1926-08-01,2019-05-31
364.2,"1896-03-01","2019-03-31",42.7816,"LE MARS, IA US",0.9887,"GHCND:USC00134735","METERS",-96.1458,1896-03-01,2019-03-31
336.8,"1893-05-01","2019-06-03",43.163,"MASON CITY, IA US",0.9552,"GHCND:USC00135230","METERS",-93.1952,1893-05-01,2019-06-03
349.9,"1897-03-16","2019-06-03",43.0452,"NEW HAMPTON, IA US",0.9752,"GHCND:USC00135952","METERS",-92.3123,1897-03-16,2019-06-03
472.7,"1914-04-01","2019-05-31",43.1791,"SANBORN, IA US",0.9899,"GHCND:USC00137386","METERS",-95.6602,1914-04-01,2019-05-31
432.8,"1941-06-23","2019-06-02",42.893,"SIOUX RAPIDS 4 E, IA US",0.9669,"GHCND:USC00137726","METERS",-95.0652,1941-06-23,2019-06-02
321.6,"1946-09-01","2019-06-03",42.8125,"TRIPOLI, IA US",0.9454,"GHCND:USC00138339","METERS",-92.2574,1946-09-01,2019-06-03
268.8,"1912-08-10","2019-03-31",43.2025,"GREENVILLE 2 NNE, MI US",0.9723,"GHCND:USC00203429","METERS",-85.2422,1912-08-10,2019-03-31
188.1,"1905-06-01","2019-06-03",42.7988,"HOLLAND, MI US",0.9457,"GHCND:USC00203858","METERS",-86.205,1905-06-01,2019-06-03
256,"1919-06-01","2019-06-03",43.1994,"KENT CITY 2 SW, MI US",0.9166,"GHCND:USC00204320","METERS",-85.7717,1919-06-01,2019-06-03
195.1,"1915-05-01","2019-06-03",42.9291,"LOWELL, MI US",0.9426,"GHCND:USC00204944","METERS",-85.3402,1915-05-01,2019-06-03
222.5,"1896-01-01","2019-06-03",43.0161,"OWOSSO WWTP, MI US",0.9527,"GHCND:USC00206300","METERS",-84.18,1896-01-01,2019-06-03
179.8,"1933-07-01","2019-05-30",42.975,"PORT HURON, MI US",0.9701,"GHCND:USC00206680","METERS",-82.4194,1933-07-01,2019-05-30
249.9,"1926-09-05","2019-06-03",43.1447,"YALE, MI US",0.9481,"GHCND:USC00209188","METERS",-82.8011,1926-09-05,2019-06-03
22.9,"1893-01-01","2019-04-30",43.1432,"DURHAM, NH US",0.9719,"GHCND:USC00272174","METERS",-70.9501,1893-01-01,2019-04-30
155.8,"1893-01-01","2019-06-03",42.939,"KEENE, NH US",0.9874,"GHCND:USC00274399","METERS",-72.3247,1893-01-01,2019-06-03
77.1,"1942-01-01","2019-05-31",42.9891,"MASSABESIC LAKE, NH US",0.9584,"GHCND:USC00275211","METERS",-71.3932,1942-01-01,2019-05-31
166.1,"1895-09-01","2019-06-03",42.9203,"AVON, NY US",0.9122,"GHCND:USC00300343","METERS",-77.7557,1895-09-01,2019-06-03
114.9,"1932-01-01","2019-06-03",43.2386,"BREWERTON LOCK 23, NY US",0.9396,"GHCND:USC00300870","METERS",-76.1964,1932-01-01,2019-06-03
219.5,"1942-12-01","2019-06-03",42.84505,"CANANDAIGUA 3 S, NY US",0.9851,"GHCND:USC00301152","METERS",-77.28071,1942-12-01,2019-06-03
119.5,"1932-01-02","2019-04-30",43.05901,"CLYDE LOCK 26, NY US",0.9298,"GHCND:USC00301580","METERS",-76.83844,1932-01-02,2019-04-30
274.9,"1898-05-05","2019-06-03",42.7743,"HEMLOCK, NY US",0.9813,"GHCND:USC00303773","METERS",-77.6083,1898-05-05,2019-06-03
131.1,"1932-01-01","2019-06-03",43.04657,"NEWARK, NY US",0.941,"GHCND:USC00305679","METERS",-77.08411,1932-01-01,2019-06-03
518.2,"1940-11-01","2019-06-03",43.26271,"PERU, VT US",0.9455,"GHCND:USC00436335","METERS",-72.90553,1940-11-01,2019-06-03
243.8,"1941-09-01","2019-06-03",42.905,"FORT ATKINSON, WI US",0.9922,"GHCND:USC00472869","METERS",-88.8588,1941-09-01,2019-06-03
259.1,"1944-06-01","2019-06-03",43.2388,"GERMANTOWN, WI US",0.9965,"GHCND:USC00473058","METERS",-88.1222,1944-06-01,2019-06-03
249,"1893-01-01","2019-06-03",43.0802,"LAKE MILLS, WI US",0.9637,"GHCND:USC00474482","METERS",-88.8966,1893-01-01,2019-06-03
317,"1893-01-01","2019-06-03",42.8278,"LANCASTER 4 WSW, WI US",0.9457,"GHCND:USC00474546","METERS",-90.7889,1893-01-01,2019-06-03
192.9,"1936-11-01","2019-06-03",43.2118,"LYNXVILLE DAM 9, WI US",0.9906,"GHCND:USC00474937","METERS",-91.0985,1936-11-01,2019-06-03
221.3,"1946-10-11","2019-03-03",43.0719,"MILWAUKEE MOUNT MARY COLLEGE, WI US",0.9962,"GHCND:USC00475474","METERS",-88.0294,1946-10-11,2019-03-03
200.6,"1893-01-01","2019-06-03",43.0515,"PRAIRIE DU CHIEN, WI US",0.9948,"GHCND:USC00476827","METERS",-91.1349,1893-01-01,2019-06-03
256,"1931-02-01","2019-06-03",42.9108,"STOUGHTON, WI US",0.9493,"GHCND:USC00478229","METERS",-89.2133,1931-02-01,2019-06-03
251.5,"1893-01-01","2019-06-02",43.1741,"WATERTOWN, WI US",0.9903,"GHCND:USC00478919","METERS",-88.7363,1893-01-01,2019-06-02
253,"1893-01-01","2019-06-01",43.0063,"WAUKESHA, WI US",0.9484,"GHCND:USC00478937","METERS",-88.2491,1893-01-01,2019-06-01
266.7,"1941-06-01","2019-06-03",42.8508,"WHITEWATER, WI US",0.9845,"GHCND:USC00479190","METERS",-88.7247,1941-06-01,2019-06-03
218.2,"1938-05-01","2019-06-03",42.9408,"BUFFALO NIAGARA INTERNATIONAL, NY US",0.9999,"GHCND:USW00014733","METERS",-78.7358,1938-05-01,2019-06-03
104.5,"1939-04-01","2019-06-03",43.2049,"CONCORD ASOS, NH US",0.9999,"GHCND:USW00014745","METERS",-71.50274,1939-04-01,2019-06-03
164.3,"1926-01-02","2019-06-03",43.1167,"ROCHESTER GREATER INTERNATIONAL, NY US",1,"GHCND:USW00014768","METERS",-77.6767,1926-01-02,2019-06-03
125.9,"1938-05-01","2019-06-03",43.1111,"SYRACUSE HANCOCK INTERNATIONAL AIRPORT, NY US",1,"GHCND:USW00014771","METERS",-76.1038,1938-05-01,2019-06-03
264,"1939-10-01","2019-06-03",43.1405,"MADISON DANE CO REGIONAL AIRPORT, WI US",0.9999,"GHCND:USW00014837","METERS",-89.3452,1939-10-01,2019-06-03
204.2,"1938-04-01","2019-06-03",42.955,"MILWAUKEE MITCHELL INTERNATIONAL AIRPORT, WI US",0.9999,"GHCND:USW00014839","METERS",-87.9044,1938-04-01,2019-06-03
190.5,"1896-06-01","2019-06-03",43.17111,"MUSKEGON CO AIRPORT, MI US",0.9965,"GHCND:USW00014840","METERS",-86.23667,1896-06-01,2019-06-03
418,"1939-10-01","2019-06-01",43.7333,"FERGUS SHAND DAM, CA",0.9836,"GHCND:CA006142400","METERS",-80.3333,1939-10-01,2019-06-01
173,"1937-11-01","2019-06-02",43.6833,"TORONTO LESTER B. PEARSON INT, CA",0.9918,"GHCND:CA006158733","METERS",-79.6333,1937-11-01,2019-06-02
262.1,"1893-03-01","2019-06-02",43.3043,"DECORAH, IA US",0.9277,"GHCND:USC00132110","METERS",-91.7952,1893-03-01,2019-06-02
402.3,"1893-01-01","2019-06-01",43.4036,"ESTHERVILLE 4 E, IA US",0.9539,"GHCND:USC00132724","METERS",-94.7472,1893-01-01,2019-06-01
390.1,"1894-03-01","2019-06-03",43.2844,"FOREST CITY 2 NNE, IA US",0.9587,"GHCND:USC00132977","METERS",-93.6305,1894-03-01,2019-06-03
446.5,"1912-08-01","2019-03-31",43.4483,"LAKE PARK, IA US",0.9042,"GHCND:USC00134561","METERS",-95.3247,1912-08-01,2019-03-31
362.7,"1896-04-01","2019-05-30",43.4386,"NORTHWOOD, IA US",0.9589,"GHCND:USC00136103","METERS",-93.2252,1896-04-01,2019-05-30
356.6,"1893-01-01","2019-06-03",43.2794,"OSAGE, IA US",0.9,"GHCND:USC00136305","METERS",-92.8106,1893-01-01,2019-06-03
411.5,"1893-04-24","2019-06-03",43.43,"ROCK RAPIDS, IA US",0.9446,"GHCND:USC00137147","METERS",-96.1686,1893-04-24,2019-06-03
222.2,"1887-06-01","2019-06-03",43.3869,"ALMA, MI US",0.9664,"GHCND:USC00200146","METERS",-84.6482,1887-06-01,2019-06-03
283.5,"1896-04-01","2019-06-03",43.7072,"BIG RAPIDS WATERWORK, MI US",0.9908,"GHCND:USC00200779","METERS",-85.4822,1896-04-01,2019-06-03
210.3,"1928-01-01","2019-06-03",43.4838,"CARO WWTP, MI US",0.9559,"GHCND:USC00201299","METERS",-83.3919,1928-01-01,2019-06-03
234.7,"1893-01-01","2019-06-03",43.6747,"HART, MI US",0.9349,"GHCND:USC00203632","METERS",-86.4238,1893-01-01,2019-06-03
374.9,"1893-01-01","2019-06-03",43.6064,"ALBERT LEA 3 SE, MN US",0.9754,"GHCND:USC00210075","METERS",-93.3019,1893-01-01,2019-06-03
365.5,"1937-04-01","2019-06-03",43.6542,"AUSTIN WASTE WATER TREATMENT FACILITY, MN US",0.9725,"GHCND:USC00210355","METERS",-92.9739,1937-04-01,2019-06-03
411.5,"1893-01-01","2019-06-02",43.7047,"GRAND MEADOW, MN US",0.9901,"GHCND:USC00213290","METERS",-92.5644,1893-01-01,2019-06-02
345.9,"1942-01-01","2019-06-03",43.7468,"WELLS, MN US",0.9444,"GHCND:USC00218808","METERS",-93.7368,1942-01-01,2019-06-03
338.3,"1898-10-01","2019-06-03",43.7639,"WINNEBAGO, MN US",0.9795,"GHCND:USC00219046","METERS",-94.1662,1898-10-01,2019-06-03
178,"1884-11-01","2019-06-02",43.7052,"HANOVER, NH US",0.9352,"GHCND:USC00273850","METERS",-72.2855,1884-11-01,2019-06-02
152.4,"1926-09-01","2019-06-03",43.54914,"LAKEPORT 2, NH US",0.981,"GHCND:USC00274480","METERS",-71.46456,1926-09-01,2019-06-03
234.7,"1928-11-01","2019-05-30",43.3772,"NEWPORT, NH US",0.9898,"GHCND:USC00275868","METERS",-72.1812,1928-11-01,2019-05-30
201.2,"1941-05-01","2019-05-31",43.5318,"BENNETTS BRIDGE, NY US",0.9217,"GHCND:USC00300608","METERS",-75.9526,1941-05-01,2019-05-31
537.4,"1924-05-20","2019-06-03",43.5752,"HIGHMARKET, NY US",0.9857,"GHCND:USC00303851","METERS",-75.5207,1924-05-20,2019-06-03
509,"1899-09-01","2019-06-03",43.75477,"INDIAN LAKE 2 SW, NY US",0.9842,"GHCND:USC00304102","METERS",-74.27558,1899-09-01,2019-06-03
106.7,"1926-01-01","2019-04-30",43.4622,"OSWEGO EAST, NY US",0.9933,"GHCND:USC00306314","METERS",-76.4934,1926-01-01,2019-04-30
36.3,"1932-01-01","2019-06-03",43.5575,"WHITEHALL, NY US",0.9539,"GHCND:USC00309389","METERS",-73.4011,1932-01-01,2019-06-03
401.1,"1896-04-01","2019-06-03",43.3112,"CANTON, SD US",0.921,"GHCND:USC00391392","METERS",-96.5877,1896-04-01,2019-06-03
189,"1916-08-18","2019-06-03",43.6253,"RUTLAND, VT US",0.9873,"GHCND:USC00436995","METERS",-72.9781,1916-08-18,2019-06-03
194.8,"1936-11-01","2019-06-03",43.5705,"GENOA DAM 8, WI US",0.9717,"GHCND:USC00473038","METERS",-91.2295,1936-11-01,2019-06-03
254.2,"1910-03-01","2019-05-29",43.73,"PLYMOUTH, WI US",0.9799,"GHCND:USC00476678","METERS",-87.9713,1910-03-01,2019-05-29
236.2,"1889-01-01","2019-06-03",43.5277,"PORTAGE, WI US",0.9796,"GHCND:USC00476718","METERS",-89.4341,1889-01-01,2019-06-03
382.5,"1893-01-01","2019-06-03",43.5595,"VIROQUA, WI US",0.9606,"GHCND:USC00478827","METERS",-90.876,1893-01-01,2019-06-03
254.5,"1922-05-01","2019-03-31",43.6088,"WISCONSIN DELLS, WI US",0.9321,"GHCND:USC00479319","METERS",-89.7666,1922-05-01,2019-03-31
97.8,"1944-05-01","2019-06-03",43.33845,"GLENS FALLS AIRPORT, NY US",0.9883,"GHCND:USW00014750","METERS",-73.61028,1944-05-01,2019-06-03
13.7,"1940-11-07","2019-06-03",43.64222,"PORTLAND JETPORT, ME US",1,"GHCND:USW00014764","METERS",-70.30444,1940-11-07,2019-06-03
201.2,"1898-01-01","2019-06-02",43.53306,"SAGINAW MBS INTERNATIONAL AIRPORT, MI US",0.9989,"GHCND:USW00014845","METERS",-84.07972,1898-01-01,2019-06-02
86,"1935-01-01","2019-06-02",44.1167,"TRENTON A, CA",0.9689,"GHCND:CA006158875","METERS",-77.5333,1935-01-01,2019-06-02
40.5,"1886-09-01","2019-04-30",44.2202,"GARDINER, ME US",0.9689,"GHCND:USC00173046","METERS",-69.789,1886-09-01,2019-04-30
217.9,"1925-06-01","2019-06-03",43.808,"BAD AXE, MI US",0.9727,"GHCND:USC00200417","METERS",-82.9938,1925-06-01,2019-06-03
181.4,"1899-07-01","2019-05-31",43.8322,"HARBOR BEACH 1 SSE, MI US",0.9739,"GHCND:USC00203585","METERS",-82.6427,1899-07-01,2019-05-31
204.2,"1888-07-01","2019-04-30",44.2113,"MANISTEE 3 SE, MI US",0.918,"GHCND:USC00205065","METERS",-86.2938,1888-07-01,2019-04-30
198.1,"1917-04-01","2019-06-03",44.2586,"WELLSTON TIPPY DAM, MI US",0.9553,"GHCND:USC00208772","METERS",-85.9394,1917-04-01,2019-06-03
269.7,"1900-03-27","2019-06-03",44.2541,"WEST BRANCH 3 SE, MI US",0.9516,"GHCND:USC00208800","METERS",-84.2011,1900-03-27,2019-06-03
197.2,"1939-01-01","2019-06-03",43.8657,"LA CRESCENT DAM 7, MN US",0.988,"GHCND:USC00214418","METERS",-91.31,1939-01-01,2019-06-03
204.2,"1939-01-01","2019-06-03",44.1601,"MINNESOTA CITY DAM 5, MN US",0.99,"GHCND:USC00215488","METERS",-91.8121,1939-01-01,2019-06-03
326.1,"1940-05-12","2019-05-20",43.9904,"ST. JAMES WWTP, MN US",0.9468,"GHCND:USC00217326","METERS",-94.6123,1940-05-12,2019-05-20
427.6,"1912-04-01","2019-03-31",44.2394,"TRACY, MN US",0.9796,"GHCND:USC00218323","METERS",-95.6308,1912-04-01,2019-03-31
351.4,"1915-01-02","2019-05-20",44.0707,"WASECA SOUTHERN RESEARCH AND OUTREACH CENTER, MN US",0.9945,"GHCND:USC00218692","METERS",-93.5264,1915-01-02,2019-05-20
202.1,"1939-01-01","2019-06-03",44.0876,"WINONA DAM 5 A, MN US",0.9918,"GHCND:USC00219072","METERS",-91.6703,1939-01-01,2019-06-03
617.2,"1930-01-01","2019-06-03",44.258,"PINKHAM NOTCH, NH US",0.9878,"GHCND:USC00276818","METERS",-71.2525,1930-01-01,2019-06-03
536.4,"1931-03-01","2019-03-29",43.8,"BIG MOOSE 3 SE, NY US",0.9352,"GHCND:USC00300668","METERS",-74.8667,1931-03-01,2019-03-29
263,"1891-11-01","2019-06-03",43.7929,"LOWVILLE, NY US",0.9828,"GHCND:USC00304912","METERS",-75.4829,1891-11-01,2019-06-03
515.1,"1925-06-01","2019-05-28",43.8999,"STILLWATER RESERVOIR, NY US",0.9091,"GHCND:USC00308248","METERS",-75.0367,1925-06-01,2019-05-28
151.5,"1893-01-01","2019-04-30",43.9761,"WATERTOWN, NY US",0.9773,"GHCND:USC00309000","METERS",-75.8753,1893-01-01,2019-04-30
487.7,"1893-01-01","2019-06-02",44.0516,"FLANDREAU, SD US",0.9737,"GHCND:USC00392984","METERS",-96.5927,1893-01-01,2019-06-02
105.2,"1893-01-01","2019-04-30",43.9573,"CORNWALL, VT US",0.9315,"GHCND:USC00431580","METERS",-73.2106,1893-01-01,2019-04-30
253,"1928-11-01","2019-06-03",43.8578,"ROCHESTER, VT US",0.9669,"GHCND:USC00436893","METERS",-72.8044,1928-11-01,2019-06-03
246.9,"1924-09-01","2019-06-03",44.1613,"BRILLION, WI US",0.9073,"GHCND:USC00471064","METERS",-88.0802,1924-09-01,2019-06-03
231.6,"1893-01-01","2019-05-31",43.7952,"FOND DU LAC, WI US",0.9841,"GHCND:USC00472839","METERS",-88.4533,1893-01-01,2019-05-31
332.8,"1903-01-01","2019-06-03",44.11869,"HANCOCK EXPERIMENTAL FARM, WI US",0.9838,"GHCND:USC00473405","METERS",-89.53587,1903-01-01,2019-06-03
178,"1893-01-01","2019-06-02",44.08688,"MANITOWOC, WI US",0.9857,"GHCND:USC00475017","METERS",-87.65219,1893-01-01,2019-06-02
298.1,"1903-08-01","2019-06-03",44.1746,"MATHER 3 NW, WI US",0.9792,"GHCND:USC00475164","METERS",-90.3482,1903-08-01,2019-06-03
263.7,"1905-01-11","2019-06-03",43.7899,"MAUSTON 1 SE, WI US",0.9086,"GHCND:USC00475178","METERS",-90.0597,1905-01-11,2019-06-03
228.6,"1893-01-01","2019-06-03",44.02055,"OSHKOSH, WI US",0.9731,"GHCND:USC00476330","METERS",-88.55783,1893-01-01,2019-06-03
201.2,"1936-11-01","2019-06-03",43.9994,"TREMPEALEAU DAM 6, MN US",0.9785,"GHCND:USC00478589","METERS",-91.4378,1936-11-01,2019-06-03
198.7,"1938-04-01","2019-06-03",43.8788,"LA CROSSE MUNICIPAL AIRPORT, WI US",0.9964,"GHCND:USW00014920","METERS",-91.2527,1938-04-01,2019-06-03
17,"1922-04-01","2019-06-02",44.7,"ST MARGARET S BAY, CA",0.938,"GHCND:CA008204800","METERS",-63.9,1922-04-01,2019-06-02
123.4,"1893-01-01","2019-05-30",44.68938,"FARMINGTON, ME US",0.9903,"GHCND:USC00172765","METERS",-70.15646,1893-01-01,2019-05-30
178.6,"1890-04-01","2019-06-03",44.2838,"EAST TAWAS, MI US",0.9102,"GHCND:USC00202423","METERS",-83.5036,1890-04-01,2019-06-03
346.6,"1891-10-01","2019-04-30",44.6546,"GRAYLING, MI US",0.9679,"GHCND:USC00203391","METERS",-84.6998,1891-10-01,2019-04-30
221.9,"1913-04-01","2019-06-03",44.4633,"HALE LOUD DAM, MI US",0.9753,"GHCND:USC00203529","METERS",-83.7216,1913-04-01,2019-06-03
345.9,"1912-12-03","2019-04-30",44.3119,"HOUGHTON LAKE 6 WSW, MI US",0.9538,"GHCND:USC00203932","METERS",-84.8922,1912-12-03,2019-04-30
315.5,"1938-12-01","2019-05-31",44.728,"KALKASKA, MI US",0.9902,"GHCND:USC00204257","METERS",-85.1727,1938-12-01,2019-05-31
368.8,"1916-02-24","2019-06-03",44.7184,"CANBY, MN US",0.9341,"GHCND:USC00211263","METERS",-96.2696,1916-02-24,2019-06-03
295.7,"1895-12-01","2019-06-02",44.3092,"FARIBAULT, MN US",0.9565,"GHCND:USC00212721","METERS",-93.266,1895-12-01,2019-06-02
274.3,"1942-01-11","2019-06-03",44.6501,"JORDAN 1 SSW, MN US",0.9471,"GHCND:USC00214176","METERS",-93.6356,1942-01-11,2019-06-03
350.2,"1935-04-22","2019-06-03",44.4716,"MARSHALL, MN US",0.9901,"GHCND:USC00215204","METERS",-95.79019,1935-04-22,2019-06-03
242.3,"1893-05-01","2019-04-30",44.3223,"ST. PETER, MN US",0.9595,"GHCND:USC00217405","METERS",-93.9655,1893-05-01,2019-04-30
229.5,"1938-08-01","2019-06-03",44.28118,"THEILMAN 1 SSW, MN US",0.9424,"GHCND:USC00218227","METERS",-92.19434,1938-08-01,2019-06-03
295.7,"1894-12-15","2019-06-03",44.2992,"ZUMBROTA, MN US",0.9611,"GHCND:USC00219249","METERS",-92.6662,1894-12-15,2019-06-03
176.8,"1934-02-01","2019-04-30",44.5842,"COLTON 2 N, NY US",0.9477,"GHCND:USC00301664","METERS",-74.9573,1934-02-01,2019-04-30
408.4,"1906-01-01","2019-04-30",44.7192,"DANNEMORA, NY US",0.981,"GHCND:USC00301966","METERS",-73.7205,1906-01-01,2019-04-30
128,"1936-11-01","2019-06-03",44.354,"GOUVERNEUR 3 NW, NY US",0.9904,"GHCND:USC00303346","METERS",-75.5123,1936-11-01,2019-06-03
85.3,"1893-01-01","2019-06-03",44.7281,"OGDENSBURG 4 NE, NY US",0.9502,"GHCND:USC00306164","METERS",-75.4442,1893-01-01,2019-06-03
155.4,"1938-03-03","2019-04-30",44.56551,"PERU 2 WSW, NY US",0.9771,"GHCND:USC00306538","METERS",-73.57042,1938-03-03,2019-04-30
256,"1930-05-01","2019-06-03",44.4112,"GILMAN, VT US",0.9326,"GHCND:USC00433341","METERS",-71.7186,1930-05-01,2019-06-03
213.4,"1894-03-01","2019-06-02",44.42,"SAINT JOHNSBURY, VT US",0.9916,"GHCND:USC00437054","METERS",-72.0194,1894-03-01,2019-06-02
204.2,"1936-11-01","2019-06-03",44.3271,"ALMA DAM 4, WI US",0.9901,"GHCND:USC00470124","METERS",-91.9194,1936-11-01,2019-06-03
377,"1912-12-13","2019-06-03",44.64113,"MARSHFIELD EXPERIMENTAL FARM, WI US",0.9959,"GHCND:USC00475120","METERS",-90.13332,1912-12-13,2019-06-03
253,"1908-04-01","2019-06-01",44.5647,"MONDOVI, WI US",0.9227,"GHCND:USC00475563","METERS",-91.6719,1908-04-01,2019-06-01
329.2,"1893-01-01","2019-05-30",44.5378,"NEILLSVILLE 3 ESE, WI US",0.971,"GHCND:USC00475808","METERS",-90.535,1893-01-01,2019-05-30
243.8,"1896-03-01","2019-06-03",44.3587,"NEW LONDON, WI US",0.9753,"GHCND:USC00475932","METERS",-88.71877,1896-03-01,2019-06-03
360.6,"1941-05-01","2019-04-30",44.7511,"ROSHOLT 9 NNE, WI US",0.9339,"GHCND:USC00477349","METERS",-89.245,1941-05-01,2019-04-30
328.9,"1893-01-25","2019-06-03",44.5115,"STEVENS POINT, WI US",0.9766,"GHCND:USC00478171","METERS",-89.5853,1893-01-25,2019-06-03
255.1,"1895-04-01","2019-06-03",44.35475,"WAUPACA, WI US",0.9731,"GHCND:USC00478951","METERS",-89.05951,1895-04-01,2019-06-03
100.6,"1940-12-01","2019-06-03",44.4683,"BURLINGTON WEATHER SERVICE OFFICE AIRPORT, VT US",0.9999,"GHCND:USW00014742","METERS",-73.1499,1940-12-01,2019-06-03
188.4,"1896-06-01","2019-06-02",44.74083,"TRAVERSE CITY CHERRY CAPITAL AIRPORT, MI US",0.9984,"GHCND:USW00014850","METERS",-85.5825,1896-06-01,2019-06-02
209.4,"1886-09-01","2019-06-03",44.4794,"GREEN BAY A S INTERNATIONAL AIRPORT, WI US",1,"GHCND:USW00014898","METERS",-88.1366,1886-09-01,2019-06-03
28,"1942-11-01","2019-06-02",44.9833,"GREENWOOD A, CA",0.9953,"GHCND:CA008202000","METERS",-64.9167,1942-11-01,2019-06-02
90.5,"1947-05-01","2019-06-03",44.9197,"CORINNA, ME US",0.9721,"GHCND:USC00171628","METERS",-69.2416,1947-05-01,2019-06-03
67.1,"1893-12-01","2019-04-30",44.7976,"MADISON, ME US",0.9146,"GHCND:USC00174927","METERS",-69.889,1893-12-01,2019-04-30
37.5,"1917-07-01","2019-06-03",45.1542,"WOODLAND, ME US",0.9286,"GHCND:USC00179891","METERS",-67.3985,1917-07-01,2019-06-03
275.8,"1913-02-01","2019-06-02",45.1702,"VANDERBILT 11 ENE, MI US",0.9692,"GHCND:USC00208417","METERS",-84.4397,1913-02-01,2019-06-02
329.2,"1940-05-01","2019-06-03",45.0024,"MADISON WWTP, MN US",0.9613,"GHCND:USC00214994","METERS",-96.1662,1940-05-01,2019-06-03
310.9,"1893-08-01","2019-06-02",45.1219,"MILAN 1 NW, MN US",0.9967,"GHCND:USC00215400","METERS",-95.9269,1893-08-01,2019-06-02
301.8,"1893-01-01","2019-06-03",44.9341,"MONTEVIDEO 1 SW, MN US",0.9862,"GHCND:USC00215563","METERS",-95.74597,1893-01-01,2019-06-03
502.9,"1918-01-01","2019-06-03",45.0899,"FIRST CONNECTICUT LAKE, NH US",0.9376,"GHCND:USC00272999","METERS",-71.2906,1918-01-01,2019-06-03
240.8,"1930-02-01","2019-06-03",44.949,"NEWPORT, VT US",0.9672,"GHCND:USC00435542","METERS",-72.1912,1930-02-01,2019-06-03
463,"1894-05-01","2019-06-03",45.16043,"ANTIGO, WI US",0.9137,"GHCND:USC00470239","METERS",-89.11304,1894-05-01,2019-06-03
301.8,"1944-08-28","2019-06-03",45.0907,"BLOOMER, WI US",0.9777,"GHCND:USC00470904","METERS",-91.4864,1944-08-28,2019-06-03
322.2,"1929-08-13","2019-06-03",45.2237,"HOLCOMBE, WI US",0.9297,"GHCND:USC00473698","METERS",-91.127,1929-08-13,2019-06-03
179.5,"1919-02-01","2019-06-03",45.09828,"MARINETTE, WI US",0.993,"GHCND:USC00475091","METERS",-87.62358,1919-02-01,2019-06-03
448.1,"1889-06-15","2019-06-03",45.1307,"MEDFORD, WI US",0.9752,"GHCND:USC00475255","METERS",-90.3438,1889-06-15,2019-06-03
381,"1905-08-18","2019-06-01",45.17849,"MERRILL, WI US",0.9825,"GHCND:USC00475364","METERS",-89.66154,1905-08-18,2019-06-01
201.2,"1893-01-01","2019-06-03",44.89186,"OCONTO 4 W, WI US",0.9751,"GHCND:USC00476208","METERS",-87.95491,1893-01-01,2019-06-03
286.5,"1918-04-01","2019-05-31",44.8544,"RIVER FALLS, WI US",0.9898,"GHCND:USC00477226","METERS",-92.6122,1918-04-01,2019-05-31
213.1,"1905-03-01","2019-06-03",44.8799,"STURGEON BAY EXPERIMENTAL FARM, WI US",0.9987,"GHCND:USC00478267","METERS",-87.33578,1905-03-01,2019-06-03
365.8,"1941-12-01","2019-06-01",44.9288,"WAUSAU ASOS, WI US",0.9947,"GHCND:USW00014897","METERS",-89.6277,1941-12-01,2019-06-01
265.8,"1938-04-09","2019-06-03",44.8831,"MINNEAPOLIS ST PAUL INTERNATIONAL AIRPORT, MN US",0.9999,"GHCND:USW00014922","METERS",-93.2289,1938-04-09,2019-06-03
208.5,"1916-10-21","2019-06-03",45.0716,"ALPENA CO REGIONAL AIRPORT, MI US",0.9931,"GHCND:USW00094849","METERS",-83.5644,1916-10-21,2019-06-03
79,"1889-11-01","2019-05-30",45.3833,"OTTAWA CDA, CA",0.996,"GHCND:CA006105976","METERS",-75.7167,1889-11-01,2019-05-30
36,"1941-09-01","2019-06-02",45.4667,"MONTREAL PIERRE ELLIOTT TRUDEA, CA",0.9975,"GHCND:CA007025250","METERS",-73.75,1941-09-01,2019-06-02
325.8,"1929-02-01","2019-06-01",45.6602,"BRASSUA DAM, ME US",0.995,"GHCND:USC00170814","METERS",-69.8119,1929-02-01,2019-06-01
316.1,"1930-09-01","2019-06-01",45.5853,"MOOSEHEAD, ME US",0.9847,"GHCND:USC00175460","METERS",-69.7187,1930-09-01,2019-06-01
179.2,"1891-09-01","2019-06-03",45.6527,"CHEBOYGAN, MI US",0.9281,"GHCND:USC00201492","METERS",-84.4725,1891-09-01,2019-06-03
227.1,"1928-05-01","2019-06-02",45.4108,"ONAWAY 4 N, MI US",0.9766,"GHCND:USC00206184","METERS",-84.2233,1928-05-01,2019-06-02
334.7,"1917-04-01","2019-06-02",45.38564,"ARTICHOKE LAKE 1 E, MN US",0.9925,"GHCND:USC00210287","METERS",-96.12578,1917-04-01,2019-06-02
368.8,"1893-01-01","2019-06-02",45.5794,"COLLEGEVILLE ST. JOHN S, MN US",0.9313,"GHCND:USC00211691","METERS",-94.392,1893-01-01,2019-06-02
268.2,"1940-05-05","2019-06-03",45.3048,"ELK RIVER, MN US",0.915,"GHCND:USC00212500","METERS",-93.5843,1940-05-05,2019-06-03
324.3,"1897-02-01","2019-06-03",45.7532,"MILACA, MN US",0.9136,"GHCND:USC00215392","METERS",-93.6617,1897-02-01,2019-06-03
347.5,"1886-01-01","2019-06-03",45.5901,"MORRIS WEST CENTRAL RESEARCH AND OUTREACH CENTER, MN US",0.9943,"GHCND:USC00215638","METERS",-95.8745,1886-01-01,2019-06-03
326.1,"1922-01-01","2019-04-30",45.301,"AMERY, WI US",0.9902,"GHCND:USC00470175","METERS",-92.363,1922-01-01,2019-04-30
378,"1931-12-01","2019-06-03",45.5331,"CUMBERLAND, WI US",0.9908,"GHCND:USC00471923","METERS",-92.0226,1931-12-01,2019-06-03
209.1,"1944-10-15","2019-06-03",45.3582,"WASHINGTON IS, WI US",0.988,"GHCND:USC00478905","METERS",-86.891,1944-10-15,2019-06-03
467,"1934-04-01","2019-06-03",45.70871,"WILLOW RESERVOIR, WI US",0.9775,"GHCND:USC00479236","METERS",-89.8483,1934-04-01,2019-06-03
21,"1930-01-01","2019-06-02",45.8167,"L ASSOMPTION, CA",0.9794,"GHCND:CA007014160","METERS",-73.4333,1930-01-01,2019-06-02
326.4,"1899-02-01","2019-03-31",45.7858,"IRON MTN KINGSFORD WWTP, MI US",0.9811,"GHCND:USC00204090","METERS",-88.0841,1899-02-01,2019-03-31
442,"1922-09-01","2019-06-03",46.0555,"STAMBAUGH 2 SSE, MI US",0.9874,"GHCND:USC00207812","METERS",-88.6275,1922-09-01,2019-06-03
310.3,"1904-06-15","2019-05-31",45.8776,"MORA, MN US",0.9895,"GHCND:USC00215615","METERS",-93.3147,1904-06-15,2019-05-31
488,"1903-09-01","2019-06-03",45.8865,"MINOCQUA, WI US",0.9974,"GHCND:USC00475516","METERS",-89.7322,1903-09-01,2019-06-03
464.8,"1910-05-01","2019-05-25",45.9336,"PARK FALLS DNR HQ, WI US",0.917,"GHCND:USC00476398","METERS",-90.4506,1910-05-01,2019-05-25
542.5,"1910-03-01","2019-06-02",46.0663,"PHELPS, WI US",0.9805,"GHCND:USC00476518","METERS",-89.0752,1910-03-01,2019-06-02
491.3,"1913-03-15","2019-06-03",46.1222,"REST LAKE, WI US",0.9059,"GHCND:USC00477092","METERS",-89.8772,1913-03-15,2019-06-03
335.3,"1894-04-01","2019-05-30",45.8236,"SPOONER EXPERIMENTAL FARM, WI US",0.9709,"GHCND:USC00478027","METERS",-91.8761,1894-04-01,2019-05-30
413,"1915-01-01","2019-06-03",45.7992,"WINTER, WI US",0.9581,"GHCND:USC00479304","METERS",-90.9947,1915-01-01,2019-06-03
431.6,"1940-05-01","2019-06-01",45.8679,"ALEXANDRIA MUNICIPAL AIRPORT, MN US",0.9875,"GHCND:USW00014910","METERS",-95.3941,1940-05-01,2019-06-01
370,"1939-01-01","2019-06-02",46.3667,"NORTH BAY A, CA",0.9929,"GHCND:CA006085700","METERS",-79.4167,1939-01-01,2019-06-02
181,"1910-04-01","2019-06-02",46.7167,"BARRAGE TEMISCAMINGUE, CA",0.9486,"GHCND:CA007080468","METERS",-79.1,1910-04-01,2019-06-02
49,"1943-04-01","2019-06-02",46.2833,"CHARLOTTETOWN A, CA",0.9844,"GHCND:CA008300300","METERS",-63.1333,1943-04-01,2019-06-02
435.9,"1901-07-17","2019-06-03",46.4656,"IRONWOOD, MI US",0.9895,"GHCND:USC00204104","METERS",-90.1892,1901-07-17,2019-06-03
207.3,"1911-05-01","2019-06-01",46.4121,"MUNISING, MI US",0.9506,"GHCND:USC00205690","METERS",-86.6625,1911-05-01,2019-06-01
270.1,"1896-09-01","2019-06-02",46.3287,"NEWBERRY CORRECTIONAL FACILITY, MI US",0.9072,"GHCND:USC00205816","METERS",-85.5033,1896-09-01,2019-06-02
385.6,"1900-01-16","2019-06-03",46.70539,"CLOQUET, MN US",0.901,"GHCND:USC00211630","METERS",-92.52391,1900-01-16,2019-06-03
381,"1893-01-01","2019-06-03",46.6694,"PINE RIVER DAM, MN US",0.9864,"GHCND:USC00216547","METERS",-94.1089,1893-01-01,2019-06-03
185,"1909-01-01","2019-06-02",46.727,"SUPERIOR, WI US",0.9729,"GHCND:USC00478349","METERS",-92.072,1909-01-01,2019-06-02
220.1,"1931-01-01","2019-06-03",46.4794,"SAULT STE MARIE SANDERSON FIELD, MI US",1,"GHCND:USW00014847","METERS",-84.3572,1931-01-01,2019-06-03
413,"1895-12-01","2019-06-02",46.8373,"DETROIT LAKES 1 NNE, MN US",0.9586,"GHCND:USC00212142","METERS",-95.8375,1895-12-01,2019-06-02
399.3,"1915-06-01","2019-06-02",47.2436,"GRAND RAPIDS FRS LAB, MN US",0.9969,"GHCND:USC00213303","METERS",-93.4975,1915-06-01,2019-06-02
454.2,"1911-05-01","2019-03-31",47.2255,"ITASCA UNIVERSITY OF MINN, MN US",0.985,"GHCND:USC00214106","METERS",-95.1919,1911-05-01,2019-03-31
396.8,"1893-01-01","2019-06-03",47.2467,"LEECH LAKE DAM, MN US",0.9717,"GHCND:USC00214652","METERS",-94.2228,1893-01-01,2019-06-03
390.1,"1893-01-01","2019-04-30",47.2508,"POKEGAMA DAM, MN US",0.9698,"GHCND:USC00216612","METERS",-93.5861,1893-01-01,2019-04-30
376.1,"1893-01-04","2019-06-03",46.7953,"SANDY LAKE DAM LIBBY, MN US",0.9369,"GHCND:USC00217460","METERS",-93.3211,1893-01-04,2019-06-03
190.5,"1894-02-22","2019-06-02",47.0258,"TWO HARBORS, MN US",0.9873,"GHCND:USC00218419","METERS",-91.6653,1894-02-22,2019-06-02
201.2,"1944-06-10","2019-06-03",46.778,"MADELINE ISLAND, WI US",0.9536,"GHCND:USC00474953","METERS",-90.7654,1944-06-10,2019-06-03
190.2,"1939-01-16","2019-06-03",46.8705,"CARIBOU WEATHER FORECAST OFFICE, ME US",0.9981,"GHCND:USW00014607","METERS",-68.0173,1939-01-16,2019-06-03
437.1,"1893-01-01","2019-06-02",46.90056,"PARK RAPIDS MUNICIPAL AIRPORT, MN US",0.992,"GHCND:USW00094967","METERS",-95.06778,1893-01-01,2019-06-02
400.8,"1893-01-01","2019-03-31",47.4306,"WINNIBIGOSHISH DAM, MN US",0.975,"GHCND:USC00219059","METERS",-94.0586,1893-01-01,2019-03-31
371.9,"1930-07-01","2019-04-30",48.1969,"BIG FALLS, MN US",0.9114,"GHCND:USC00210746","METERS",-93.7994,1930-07-01,2019-04-30
270.7,"1890-01-01","2019-05-22",47.8014,"CROOKSTON NW EXPERIMENTAL STATION, MN US",0.9807,"GHCND:USC00211891","METERS",-96.6031,1890-01-01,2019-05-22
317.3,"1913-03-01","2019-06-03",47.8879,"RED LAKE FALLS, MN US",0.9537,"GHCND:USC00216787","METERS",-96.2658,1913-03-01,2019-06-03
